SET FOREIGN_KEY_CHECKS = 0;

DELETE FROM `reviews` WHERE `user_id` >= 1000;

DELETE FROM `transactions` WHERE `user_id` >= 1000;

DELETE FROM `users` WHERE `id` >= 1000;

INSERT INTO `users` (`id`, `username`, `email`, `password_hash`, `is_verified`, `role`, `created_at`) VALUES (1000, 'zainal_wijaya845', 'zainal_wijaya845@gmail.com', '$2y$10$eTRsaGXo7UfTXmImDfGMSed92bRieteYTkUx91z6ndxsiOCLqiYTm', 1, 'user', '2026-04-07 11:26:08'),
(1001, 'agus_harahap828', 'agus_harahap828@gmail.com', '$2y$10$eTRsaGXo7UfTXmImDfGMSed92bRieteYTkUx91z6ndxsiOCLqiYTm', 1, 'user', '2025-10-06 11:26:08'),
(1002, 'prabowo_daulay27', 'prabowo_daulay27@gmail.com', '$2y$10$eTRsaGXo7UfTXmImDfGMSed92bRieteYTkUx91z6ndxsiOCLqiYTm', 1, 'user', '2026-01-20 11:26:08'),
(1003, 'dewi_nugroho701', 'dewi_nugroho701@gmail.com', '$2y$10$eTRsaGXo7UfTXmImDfGMSed92bRieteYTkUx91z6ndxsiOCLqiYTm', 1, 'user', '2025-08-19 11:26:08'),
(1004, 'siti_sitorus388', 'siti_sitorus388@gmail.com', '$2y$10$eTRsaGXo7UfTXmImDfGMSed92bRieteYTkUx91z6ndxsiOCLqiYTm', 1, 'user', '2025-10-29 11:26:08'),
(1005, 'aditya_simbolon483', 'aditya_simbolon483@gmail.com', '$2y$10$eTRsaGXo7UfTXmImDfGMSed92bRieteYTkUx91z6ndxsiOCLqiYTm', 1, 'user', '2026-01-22 11:26:08'),
(1006, 'budi_ginting842', 'budi_ginting842@gmail.com', '$2y$10$eTRsaGXo7UfTXmImDfGMSed92bRieteYTkUx91z6ndxsiOCLqiYTm', 1, 'user', '2026-04-29 11:26:08'),
(1007, 'sari_pohan411', 'sari_pohan411@gmail.com', '$2y$10$eTRsaGXo7UfTXmImDfGMSed92bRieteYTkUx91z6ndxsiOCLqiYTm', 1, 'user', '2026-05-21 11:26:08'),
(1008, 'rina_ginting329', 'rina_ginting329@gmail.com', '$2y$10$eTRsaGXo7UfTXmImDfGMSed92bRieteYTkUx91z6ndxsiOCLqiYTm', 1, 'user', '2025-09-13 11:26:08'),
(1009, 'oki_hartono825', 'oki_hartono825@gmail.com', '$2y$10$eTRsaGXo7UfTXmImDfGMSed92bRieteYTkUx91z6ndxsiOCLqiYTm', 1, 'user', '2025-08-18 11:26:08'),
(1010, 'slamet_wijaya74', 'slamet_wijaya74@gmail.com', '$2y$10$eTRsaGXo7UfTXmImDfGMSed92bRieteYTkUx91z6ndxsiOCLqiYTm', 1, 'user', '2025-08-11 11:26:08'),
(1011, 'rina_budiman986', 'rina_budiman986@gmail.com', '$2y$10$eTRsaGXo7UfTXmImDfGMSed92bRieteYTkUx91z6ndxsiOCLqiYTm', 1, 'user', '2026-02-02 11:26:08'),
(1012, 'rina_lubis541', 'rina_lubis541@gmail.com', '$2y$10$eTRsaGXo7UfTXmImDfGMSed92bRieteYTkUx91z6ndxsiOCLqiYTm', 1, 'user', '2025-09-10 11:26:08'),
(1013, 'siti_nugroho881', 'siti_nugroho881@gmail.com', '$2y$10$eTRsaGXo7UfTXmImDfGMSed92bRieteYTkUx91z6ndxsiOCLqiYTm', 1, 'user', '2025-08-28 11:26:08'),
(1014, 'sari_daulay927', 'sari_daulay927@gmail.com', '$2y$10$eTRsaGXo7UfTXmImDfGMSed92bRieteYTkUx91z6ndxsiOCLqiYTm', 1, 'user', '2025-11-19 11:26:08'),
(1015, 'mulyono_hartono56', 'mulyono_hartono56@gmail.com', '$2y$10$eTRsaGXo7UfTXmImDfGMSed92bRieteYTkUx91z6ndxsiOCLqiYTm', 1, 'user', '2026-04-11 11:26:08'),
(1016, 'putri_ginting604', 'putri_ginting604@gmail.com', '$2y$10$eTRsaGXo7UfTXmImDfGMSed92bRieteYTkUx91z6ndxsiOCLqiYTm', 1, 'user', '2025-11-19 11:26:08'),
(1017, 'rina_ginting310', 'rina_ginting310@gmail.com', '$2y$10$eTRsaGXo7UfTXmImDfGMSed92bRieteYTkUx91z6ndxsiOCLqiYTm', 1, 'user', '2026-05-14 11:26:08'),
(1018, 'zainal_batubara907', 'zainal_batubara907@gmail.com', '$2y$10$eTRsaGXo7UfTXmImDfGMSed92bRieteYTkUx91z6ndxsiOCLqiYTm', 1, 'user', '2025-09-09 11:26:08'),
(1019, 'yuni_ginting591', 'yuni_ginting591@gmail.com', '$2y$10$eTRsaGXo7UfTXmImDfGMSed92bRieteYTkUx91z6ndxsiOCLqiYTm', 1, 'user', '2026-01-29 11:26:08'),
(1020, 'rudi_tampubolon229', 'rudi_tampubolon229@gmail.com', '$2y$10$eTRsaGXo7UfTXmImDfGMSed92bRieteYTkUx91z6ndxsiOCLqiYTm', 1, 'user', '2025-09-02 11:26:08'),
(1021, 'putri_suryadi108', 'putri_suryadi108@gmail.com', '$2y$10$eTRsaGXo7UfTXmImDfGMSed92bRieteYTkUx91z6ndxsiOCLqiYTm', 1, 'user', '2025-12-11 11:26:08'),
(1022, 'oki_ginting533', 'oki_ginting533@gmail.com', '$2y$10$eTRsaGXo7UfTXmImDfGMSed92bRieteYTkUx91z6ndxsiOCLqiYTm', 1, 'user', '2026-03-29 11:26:08'),
(1023, 'agus_tampubolon59', 'agus_tampubolon59@gmail.com', '$2y$10$eTRsaGXo7UfTXmImDfGMSed92bRieteYTkUx91z6ndxsiOCLqiYTm', 1, 'user', '2025-12-04 11:26:08'),
(1024, 'siti_sitorus630', 'siti_sitorus630@gmail.com', '$2y$10$eTRsaGXo7UfTXmImDfGMSed92bRieteYTkUx91z6ndxsiOCLqiYTm', 1, 'user', '2026-05-12 11:26:08'),
(1025, 'candra_ritonga253', 'candra_ritonga253@gmail.com', '$2y$10$eTRsaGXo7UfTXmImDfGMSed92bRieteYTkUx91z6ndxsiOCLqiYTm', 1, 'user', '2025-07-27 11:26:08'),
(1026, 'ningsih_hidayat752', 'ningsih_hidayat752@gmail.com', '$2y$10$eTRsaGXo7UfTXmImDfGMSed92bRieteYTkUx91z6ndxsiOCLqiYTm', 1, 'user', '2025-08-03 11:26:08'),
(1027, 'ningsih_saputra879', 'ningsih_saputra879@gmail.com', '$2y$10$eTRsaGXo7UfTXmImDfGMSed92bRieteYTkUx91z6ndxsiOCLqiYTm', 1, 'user', '2025-08-19 11:26:08'),
(1028, 'indah_simbolon132', 'indah_simbolon132@gmail.com', '$2y$10$eTRsaGXo7UfTXmImDfGMSed92bRieteYTkUx91z6ndxsiOCLqiYTm', 1, 'user', '2026-05-18 11:26:08'),
(1029, 'prabowo_wijaya272', 'prabowo_wijaya272@gmail.com', '$2y$10$eTRsaGXo7UfTXmImDfGMSed92bRieteYTkUx91z6ndxsiOCLqiYTm', 1, 'user', '2026-03-27 11:26:08'),
(1030, 'joko_susanto880', 'joko_susanto880@gmail.com', '$2y$10$eTRsaGXo7UfTXmImDfGMSed92bRieteYTkUx91z6ndxsiOCLqiYTm', 1, 'user', '2026-04-20 11:26:08'),
(1031, 'siti_suryadi719', 'siti_suryadi719@gmail.com', '$2y$10$eTRsaGXo7UfTXmImDfGMSed92bRieteYTkUx91z6ndxsiOCLqiYTm', 1, 'user', '2026-01-02 11:26:08'),
(1032, 'indah_simbolon438', 'indah_simbolon438@gmail.com', '$2y$10$eTRsaGXo7UfTXmImDfGMSed92bRieteYTkUx91z6ndxsiOCLqiYTm', 1, 'user', '2025-08-10 11:26:08'),
(1033, 'ningsih_harahap864', 'ningsih_harahap864@gmail.com', '$2y$10$eTRsaGXo7UfTXmImDfGMSed92bRieteYTkUx91z6ndxsiOCLqiYTm', 0, 'user', '2025-10-27 11:26:08'),
(1034, 'rudi_tanjung157', 'rudi_tanjung157@gmail.com', '$2y$10$eTRsaGXo7UfTXmImDfGMSed92bRieteYTkUx91z6ndxsiOCLqiYTm', 1, 'user', '2026-02-12 11:26:08'),
(1035, 'lestari_hartono563', 'lestari_hartono563@gmail.com', '$2y$10$eTRsaGXo7UfTXmImDfGMSed92bRieteYTkUx91z6ndxsiOCLqiYTm', 1, 'user', '2026-03-03 11:26:08'),
(1036, 'dewi_prasetyo819', 'dewi_prasetyo819@gmail.com', '$2y$10$eTRsaGXo7UfTXmImDfGMSed92bRieteYTkUx91z6ndxsiOCLqiYTm', 1, 'user', '2025-08-21 11:26:08'),
(1037, 'eko_setiawan965', 'eko_setiawan965@gmail.com', '$2y$10$eTRsaGXo7UfTXmImDfGMSed92bRieteYTkUx91z6ndxsiOCLqiYTm', 1, 'user', '2025-11-17 11:26:08'),
(1038, 'slamet_hartono367', 'slamet_hartono367@gmail.com', '$2y$10$eTRsaGXo7UfTXmImDfGMSed92bRieteYTkUx91z6ndxsiOCLqiYTm', 1, 'user', '2026-02-05 11:26:08'),
(1039, 'mega_tampubolon283', 'mega_tampubolon283@gmail.com', '$2y$10$eTRsaGXo7UfTXmImDfGMSed92bRieteYTkUx91z6ndxsiOCLqiYTm', 1, 'user', '2026-06-02 11:26:08'),
(1040, 'hadi_ritonga656', 'hadi_ritonga656@gmail.com', '$2y$10$eTRsaGXo7UfTXmImDfGMSed92bRieteYTkUx91z6ndxsiOCLqiYTm', 0, 'user', '2026-03-11 11:26:08'),
(1041, 'rudi_ginting33', 'rudi_ginting33@gmail.com', '$2y$10$eTRsaGXo7UfTXmImDfGMSed92bRieteYTkUx91z6ndxsiOCLqiYTm', 1, 'user', '2025-12-22 11:26:08'),
(1042, 'aditya_hutapea24', 'aditya_hutapea24@gmail.com', '$2y$10$eTRsaGXo7UfTXmImDfGMSed92bRieteYTkUx91z6ndxsiOCLqiYTm', 1, 'user', '2026-01-30 11:26:08'),
(1043, 'rina_saputra164', 'rina_saputra164@gmail.com', '$2y$10$eTRsaGXo7UfTXmImDfGMSed92bRieteYTkUx91z6ndxsiOCLqiYTm', 1, 'user', '2026-06-01 11:26:08'),
(1044, 'indah_hartono361', 'indah_hartono361@gmail.com', '$2y$10$eTRsaGXo7UfTXmImDfGMSed92bRieteYTkUx91z6ndxsiOCLqiYTm', 1, 'user', '2026-05-18 11:26:08'),
(1045, 'putri_ritonga314', 'putri_ritonga314@gmail.com', '$2y$10$eTRsaGXo7UfTXmImDfGMSed92bRieteYTkUx91z6ndxsiOCLqiYTm', 1, 'user', '2025-07-24 11:26:08'),
(1046, 'rian_prasetyo212', 'rian_prasetyo212@gmail.com', '$2y$10$eTRsaGXo7UfTXmImDfGMSed92bRieteYTkUx91z6ndxsiOCLqiYTm', 1, 'user', '2026-03-02 11:26:08'),
(1047, 'putri_harahap790', 'putri_harahap790@gmail.com', '$2y$10$eTRsaGXo7UfTXmImDfGMSed92bRieteYTkUx91z6ndxsiOCLqiYTm', 0, 'user', '2025-10-15 11:26:08'),
(1048, 'sri_santoso180', 'sri_santoso180@gmail.com', '$2y$10$eTRsaGXo7UfTXmImDfGMSed92bRieteYTkUx91z6ndxsiOCLqiYTm', 0, 'user', '2026-04-07 11:26:08'),
(1049, 'fajar_wibowo93', 'fajar_wibowo93@gmail.com', '$2y$10$eTRsaGXo7UfTXmImDfGMSed92bRieteYTkUx91z6ndxsiOCLqiYTm', 1, 'user', '2025-10-18 11:26:08'),
(1050, 'gita_sutrisno734', 'gita_sutrisno734@gmail.com', '$2y$10$eTRsaGXo7UfTXmImDfGMSed92bRieteYTkUx91z6ndxsiOCLqiYTm', 0, 'user', '2025-11-22 11:26:08'),
(1051, 'supardi_batubara375', 'supardi_batubara375@gmail.com', '$2y$10$eTRsaGXo7UfTXmImDfGMSed92bRieteYTkUx91z6ndxsiOCLqiYTm', 1, 'user', '2026-06-07 11:26:08'),
(1052, 'yuni_ritonga198', 'yuni_ritonga198@gmail.com', '$2y$10$eTRsaGXo7UfTXmImDfGMSed92bRieteYTkUx91z6ndxsiOCLqiYTm', 1, 'user', '2025-07-01 11:26:08'),
(1053, 'mega_sitorus795', 'mega_sitorus795@gmail.com', '$2y$10$eTRsaGXo7UfTXmImDfGMSed92bRieteYTkUx91z6ndxsiOCLqiYTm', 1, 'user', '2025-12-02 11:26:08'),
(1054, 'fajar_kurniawan318', 'fajar_kurniawan318@gmail.com', '$2y$10$eTRsaGXo7UfTXmImDfGMSed92bRieteYTkUx91z6ndxsiOCLqiYTm', 1, 'user', '2025-10-11 11:26:08'),
(1055, 'indah_pane699', 'indah_pane699@gmail.com', '$2y$10$eTRsaGXo7UfTXmImDfGMSed92bRieteYTkUx91z6ndxsiOCLqiYTm', 1, 'user', '2026-04-13 11:26:08'),
(1056, 'dian_daulay60', 'dian_daulay60@gmail.com', '$2y$10$eTRsaGXo7UfTXmImDfGMSed92bRieteYTkUx91z6ndxsiOCLqiYTm', 1, 'user', '2025-07-24 11:26:08'),
(1057, 'putra_ritonga818', 'putra_ritonga818@gmail.com', '$2y$10$eTRsaGXo7UfTXmImDfGMSed92bRieteYTkUx91z6ndxsiOCLqiYTm', 1, 'user', '2025-09-05 11:26:08'),
(1058, 'zainal_wijaya104', 'zainal_wijaya104@gmail.com', '$2y$10$eTRsaGXo7UfTXmImDfGMSed92bRieteYTkUx91z6ndxsiOCLqiYTm', 1, 'user', '2026-02-01 11:26:08'),
(1059, 'tri_pohan743', 'tri_pohan743@gmail.com', '$2y$10$eTRsaGXo7UfTXmImDfGMSed92bRieteYTkUx91z6ndxsiOCLqiYTm', 1, 'user', '2025-11-22 11:26:08'),
(1060, 'joko_prasetyo485', 'joko_prasetyo485@gmail.com', '$2y$10$eTRsaGXo7UfTXmImDfGMSed92bRieteYTkUx91z6ndxsiOCLqiYTm', 1, 'user', '2026-03-11 11:26:08'),
(1061, 'yuni_siregar154', 'yuni_siregar154@gmail.com', '$2y$10$eTRsaGXo7UfTXmImDfGMSed92bRieteYTkUx91z6ndxsiOCLqiYTm', 1, 'user', '2025-07-05 11:26:08'),
(1062, 'kartika_nugroho142', 'kartika_nugroho142@gmail.com', '$2y$10$eTRsaGXo7UfTXmImDfGMSed92bRieteYTkUx91z6ndxsiOCLqiYTm', 1, 'user', '2026-05-14 11:26:08'),
(1063, 'candra_simbolon539', 'candra_simbolon539@gmail.com', '$2y$10$eTRsaGXo7UfTXmImDfGMSed92bRieteYTkUx91z6ndxsiOCLqiYTm', 1, 'user', '2026-06-07 11:26:08'),
(1064, 'rian_daulay410', 'rian_daulay410@gmail.com', '$2y$10$eTRsaGXo7UfTXmImDfGMSed92bRieteYTkUx91z6ndxsiOCLqiYTm', 0, 'user', '2025-11-01 11:26:08'),
(1065, 'wahyu_hidayat565', 'wahyu_hidayat565@gmail.com', '$2y$10$eTRsaGXo7UfTXmImDfGMSed92bRieteYTkUx91z6ndxsiOCLqiYTm', 1, 'user', '2025-10-26 11:26:08'),
(1066, 'rudi_nasution567', 'rudi_nasution567@gmail.com', '$2y$10$eTRsaGXo7UfTXmImDfGMSed92bRieteYTkUx91z6ndxsiOCLqiYTm', 1, 'user', '2026-01-11 11:26:08'),
(1067, 'putra_gunawan975', 'putra_gunawan975@gmail.com', '$2y$10$eTRsaGXo7UfTXmImDfGMSed92bRieteYTkUx91z6ndxsiOCLqiYTm', 1, 'user', '2026-03-03 11:26:08'),
(1068, 'siti_wibowo832', 'siti_wibowo832@gmail.com', '$2y$10$eTRsaGXo7UfTXmImDfGMSed92bRieteYTkUx91z6ndxsiOCLqiYTm', 0, 'user', '2025-10-11 11:26:08'),
(1069, 'mega_hidayat626', 'mega_hidayat626@gmail.com', '$2y$10$eTRsaGXo7UfTXmImDfGMSed92bRieteYTkUx91z6ndxsiOCLqiYTm', 1, 'user', '2025-08-26 11:26:08'),
(1070, 'ningsih_santoso414', 'ningsih_santoso414@gmail.com', '$2y$10$eTRsaGXo7UfTXmImDfGMSed92bRieteYTkUx91z6ndxsiOCLqiYTm', 1, 'user', '2025-11-29 11:26:08'),
(1071, 'sari_budiman458', 'sari_budiman458@gmail.com', '$2y$10$eTRsaGXo7UfTXmImDfGMSed92bRieteYTkUx91z6ndxsiOCLqiYTm', 1, 'user', '2026-03-21 11:26:08'),
(1072, 'eko_simanjuntak50', 'eko_simanjuntak50@gmail.com', '$2y$10$eTRsaGXo7UfTXmImDfGMSed92bRieteYTkUx91z6ndxsiOCLqiYTm', 1, 'user', '2025-10-04 11:26:08'),
(1073, 'hendra_pane244', 'hendra_pane244@gmail.com', '$2y$10$eTRsaGXo7UfTXmImDfGMSed92bRieteYTkUx91z6ndxsiOCLqiYTm', 1, 'user', '2026-01-28 11:26:08'),
(1074, 'eko_batubara244', 'eko_batubara244@gmail.com', '$2y$10$eTRsaGXo7UfTXmImDfGMSed92bRieteYTkUx91z6ndxsiOCLqiYTm', 1, 'user', '2026-03-03 11:26:08'),
(1075, 'dian_sitorus945', 'dian_sitorus945@gmail.com', '$2y$10$eTRsaGXo7UfTXmImDfGMSed92bRieteYTkUx91z6ndxsiOCLqiYTm', 1, 'user', '2025-07-22 11:26:08'),
(1076, 'dwi_simbolon986', 'dwi_simbolon986@gmail.com', '$2y$10$eTRsaGXo7UfTXmImDfGMSed92bRieteYTkUx91z6ndxsiOCLqiYTm', 1, 'user', '2025-09-22 11:26:08'),
(1077, 'bambang_saputra621', 'bambang_saputra621@gmail.com', '$2y$10$eTRsaGXo7UfTXmImDfGMSed92bRieteYTkUx91z6ndxsiOCLqiYTm', 1, 'user', '2025-11-03 11:26:08'),
(1078, 'joko_ginting996', 'joko_ginting996@gmail.com', '$2y$10$eTRsaGXo7UfTXmImDfGMSed92bRieteYTkUx91z6ndxsiOCLqiYTm', 1, 'user', '2025-11-26 11:26:08'),
(1079, 'kartika_sitorus51', 'kartika_sitorus51@gmail.com', '$2y$10$eTRsaGXo7UfTXmImDfGMSed92bRieteYTkUx91z6ndxsiOCLqiYTm', 1, 'user', '2025-11-15 11:26:08'),
(1080, 'lestari_budiman116', 'lestari_budiman116@gmail.com', '$2y$10$eTRsaGXo7UfTXmImDfGMSed92bRieteYTkUx91z6ndxsiOCLqiYTm', 1, 'user', '2025-10-29 11:26:08'),
(1081, 'ningsih_batubara143', 'ningsih_batubara143@gmail.com', '$2y$10$eTRsaGXo7UfTXmImDfGMSed92bRieteYTkUx91z6ndxsiOCLqiYTm', 1, 'user', '2025-10-12 11:26:08'),
(1082, 'dewi_hartono589', 'dewi_hartono589@gmail.com', '$2y$10$eTRsaGXo7UfTXmImDfGMSed92bRieteYTkUx91z6ndxsiOCLqiYTm', 0, 'user', '2025-11-24 11:26:08'),
(1083, 'oki_wibowo972', 'oki_wibowo972@gmail.com', '$2y$10$eTRsaGXo7UfTXmImDfGMSed92bRieteYTkUx91z6ndxsiOCLqiYTm', 1, 'user', '2025-10-12 11:26:08'),
(1084, 'aditya_setiawan340', 'aditya_setiawan340@gmail.com', '$2y$10$eTRsaGXo7UfTXmImDfGMSed92bRieteYTkUx91z6ndxsiOCLqiYTm', 1, 'user', '2025-10-01 11:26:08'),
(1085, 'ningsih_tampubolon214', 'ningsih_tampubolon214@gmail.com', '$2y$10$eTRsaGXo7UfTXmImDfGMSed92bRieteYTkUx91z6ndxsiOCLqiYTm', 1, 'user', '2025-08-21 11:26:08'),
(1086, 'lilis_hutapea843', 'lilis_hutapea843@gmail.com', '$2y$10$eTRsaGXo7UfTXmImDfGMSed92bRieteYTkUx91z6ndxsiOCLqiYTm', 1, 'user', '2025-10-21 11:26:08'),
(1087, 'wahyu_sutrisno152', 'wahyu_sutrisno152@gmail.com', '$2y$10$eTRsaGXo7UfTXmImDfGMSed92bRieteYTkUx91z6ndxsiOCLqiYTm', 1, 'user', '2025-11-05 11:26:08'),
(1088, 'putri_sitorus244', 'putri_sitorus244@gmail.com', '$2y$10$eTRsaGXo7UfTXmImDfGMSed92bRieteYTkUx91z6ndxsiOCLqiYTm', 0, 'user', '2026-02-28 11:26:08'),
(1089, 'siti_batubara14', 'siti_batubara14@gmail.com', '$2y$10$eTRsaGXo7UfTXmImDfGMSed92bRieteYTkUx91z6ndxsiOCLqiYTm', 1, 'user', '2025-08-07 11:26:08'),
(1090, 'rudi_ginting853', 'rudi_ginting853@gmail.com', '$2y$10$eTRsaGXo7UfTXmImDfGMSed92bRieteYTkUx91z6ndxsiOCLqiYTm', 1, 'user', '2026-04-06 11:26:08'),
(1091, 'rian_nasution277', 'rian_nasution277@gmail.com', '$2y$10$eTRsaGXo7UfTXmImDfGMSed92bRieteYTkUx91z6ndxsiOCLqiYTm', 1, 'user', '2025-06-28 11:26:08'),
(1092, 'gita_simbolon398', 'gita_simbolon398@gmail.com', '$2y$10$eTRsaGXo7UfTXmImDfGMSed92bRieteYTkUx91z6ndxsiOCLqiYTm', 1, 'user', '2025-07-30 11:26:08'),
(1093, 'rian_wibowo372', 'rian_wibowo372@gmail.com', '$2y$10$eTRsaGXo7UfTXmImDfGMSed92bRieteYTkUx91z6ndxsiOCLqiYTm', 1, 'user', '2026-01-29 11:26:08'),
(1094, 'tono_nugroho885', 'tono_nugroho885@gmail.com', '$2y$10$eTRsaGXo7UfTXmImDfGMSed92bRieteYTkUx91z6ndxsiOCLqiYTm', 1, 'user', '2026-02-17 11:26:08'),
(1095, 'siti_setiawan351', 'siti_setiawan351@gmail.com', '$2y$10$eTRsaGXo7UfTXmImDfGMSed92bRieteYTkUx91z6ndxsiOCLqiYTm', 1, 'user', '2025-10-25 11:26:08'),
(1096, 'bayu_simanjuntak690', 'bayu_simanjuntak690@gmail.com', '$2y$10$eTRsaGXo7UfTXmImDfGMSed92bRieteYTkUx91z6ndxsiOCLqiYTm', 1, 'user', '2026-02-24 11:26:08'),
(1097, 'yuni_lubis709', 'yuni_lubis709@gmail.com', '$2y$10$eTRsaGXo7UfTXmImDfGMSed92bRieteYTkUx91z6ndxsiOCLqiYTm', 1, 'user', '2026-01-13 11:26:08'),
(1098, 'wahyu_ginting443', 'wahyu_ginting443@gmail.com', '$2y$10$eTRsaGXo7UfTXmImDfGMSed92bRieteYTkUx91z6ndxsiOCLqiYTm', 1, 'user', '2026-04-28 11:26:08'),
(1099, 'hendra_simbolon138', 'hendra_simbolon138@gmail.com', '$2y$10$eTRsaGXo7UfTXmImDfGMSed92bRieteYTkUx91z6ndxsiOCLqiYTm', 0, 'user', '2025-12-07 11:26:08'),
(1100, 'prabowo_wijaya869', 'prabowo_wijaya869@gmail.com', '$2y$10$eTRsaGXo7UfTXmImDfGMSed92bRieteYTkUx91z6ndxsiOCLqiYTm', 1, 'user', '2025-12-31 11:26:08'),
(1101, 'putra_gunawan503', 'putra_gunawan503@gmail.com', '$2y$10$eTRsaGXo7UfTXmImDfGMSed92bRieteYTkUx91z6ndxsiOCLqiYTm', 0, 'user', '2025-12-01 11:26:08'),
(1102, 'lestari_pane814', 'lestari_pane814@gmail.com', '$2y$10$eTRsaGXo7UfTXmImDfGMSed92bRieteYTkUx91z6ndxsiOCLqiYTm', 0, 'user', '2025-11-20 11:26:08'),
(1103, 'rudi_batubara639', 'rudi_batubara639@gmail.com', '$2y$10$eTRsaGXo7UfTXmImDfGMSed92bRieteYTkUx91z6ndxsiOCLqiYTm', 1, 'user', '2025-10-05 11:26:08'),
(1104, 'gita_prasetyo593', 'gita_prasetyo593@gmail.com', '$2y$10$eTRsaGXo7UfTXmImDfGMSed92bRieteYTkUx91z6ndxsiOCLqiYTm', 1, 'user', '2025-07-15 11:26:08'),
(1105, 'slamet_hutapea567', 'slamet_hutapea567@gmail.com', '$2y$10$eTRsaGXo7UfTXmImDfGMSed92bRieteYTkUx91z6ndxsiOCLqiYTm', 1, 'user', '2025-08-24 11:26:08'),
(1106, 'novi_sutrisno319', 'novi_sutrisno319@gmail.com', '$2y$10$eTRsaGXo7UfTXmImDfGMSed92bRieteYTkUx91z6ndxsiOCLqiYTm', 0, 'user', '2026-04-27 11:26:08'),
(1107, 'utami_hartono128', 'utami_hartono128@gmail.com', '$2y$10$eTRsaGXo7UfTXmImDfGMSed92bRieteYTkUx91z6ndxsiOCLqiYTm', 1, 'user', '2026-06-01 11:26:08'),
(1108, 'utami_hutapea673', 'utami_hutapea673@gmail.com', '$2y$10$eTRsaGXo7UfTXmImDfGMSed92bRieteYTkUx91z6ndxsiOCLqiYTm', 1, 'user', '2026-03-20 11:26:08'),
(1109, 'agus_ginting663', 'agus_ginting663@gmail.com', '$2y$10$eTRsaGXo7UfTXmImDfGMSed92bRieteYTkUx91z6ndxsiOCLqiYTm', 1, 'user', '2026-01-23 11:26:08'),
(1110, 'eko_nasution614', 'eko_nasution614@gmail.com', '$2y$10$eTRsaGXo7UfTXmImDfGMSed92bRieteYTkUx91z6ndxsiOCLqiYTm', 1, 'user', '2026-05-02 11:26:08'),
(1111, 'oki_hidayat22', 'oki_hidayat22@gmail.com', '$2y$10$eTRsaGXo7UfTXmImDfGMSed92bRieteYTkUx91z6ndxsiOCLqiYTm', 1, 'user', '2025-10-08 11:26:08'),
(1112, 'sri_wibowo259', 'sri_wibowo259@gmail.com', '$2y$10$eTRsaGXo7UfTXmImDfGMSed92bRieteYTkUx91z6ndxsiOCLqiYTm', 1, 'user', '2025-07-30 11:26:08'),
(1113, 'rudi_nasution635', 'rudi_nasution635@gmail.com', '$2y$10$eTRsaGXo7UfTXmImDfGMSed92bRieteYTkUx91z6ndxsiOCLqiYTm', 1, 'user', '2026-04-19 11:26:08'),
(1114, 'novi_kurniawan968', 'novi_kurniawan968@gmail.com', '$2y$10$eTRsaGXo7UfTXmImDfGMSed92bRieteYTkUx91z6ndxsiOCLqiYTm', 1, 'user', '2026-01-25 11:26:08'),
(1115, 'hadi_saputra180', 'hadi_saputra180@gmail.com', '$2y$10$eTRsaGXo7UfTXmImDfGMSed92bRieteYTkUx91z6ndxsiOCLqiYTm', 1, 'user', '2025-07-21 11:26:08'),
(1116, 'prabowo_hartono47', 'prabowo_hartono47@gmail.com', '$2y$10$eTRsaGXo7UfTXmImDfGMSed92bRieteYTkUx91z6ndxsiOCLqiYTm', 1, 'user', '2025-12-29 11:26:08'),
(1117, 'joko_setiawan980', 'joko_setiawan980@gmail.com', '$2y$10$eTRsaGXo7UfTXmImDfGMSed92bRieteYTkUx91z6ndxsiOCLqiYTm', 1, 'user', '2026-04-16 11:26:08'),
(1118, 'rina_lubis908', 'rina_lubis908@gmail.com', '$2y$10$eTRsaGXo7UfTXmImDfGMSed92bRieteYTkUx91z6ndxsiOCLqiYTm', 1, 'user', '2025-08-21 11:26:08'),
(1119, 'utami_gunawan795', 'utami_gunawan795@gmail.com', '$2y$10$eTRsaGXo7UfTXmImDfGMSed92bRieteYTkUx91z6ndxsiOCLqiYTm', 1, 'user', '2026-02-14 11:26:08'),
(1120, 'mega_wibowo739', 'mega_wibowo739@gmail.com', '$2y$10$eTRsaGXo7UfTXmImDfGMSed92bRieteYTkUx91z6ndxsiOCLqiYTm', 1, 'user', '2026-05-07 11:26:08'),
(1121, 'supardi_sutrisno688', 'supardi_sutrisno688@gmail.com', '$2y$10$eTRsaGXo7UfTXmImDfGMSed92bRieteYTkUx91z6ndxsiOCLqiYTm', 1, 'user', '2026-04-28 11:26:08'),
(1122, 'bayu_nasution140', 'bayu_nasution140@gmail.com', '$2y$10$eTRsaGXo7UfTXmImDfGMSed92bRieteYTkUx91z6ndxsiOCLqiYTm', 1, 'user', '2026-02-17 11:26:08'),
(1123, 'kartika_simanjuntak837', 'kartika_simanjuntak837@gmail.com', '$2y$10$eTRsaGXo7UfTXmImDfGMSed92bRieteYTkUx91z6ndxsiOCLqiYTm', 1, 'user', '2025-09-13 11:26:08'),
(1124, 'supardi_tanjung221', 'supardi_tanjung221@gmail.com', '$2y$10$eTRsaGXo7UfTXmImDfGMSed92bRieteYTkUx91z6ndxsiOCLqiYTm', 1, 'user', '2025-11-10 11:26:08'),
(1125, 'sri_kurniawan745', 'sri_kurniawan745@gmail.com', '$2y$10$eTRsaGXo7UfTXmImDfGMSed92bRieteYTkUx91z6ndxsiOCLqiYTm', 0, 'user', '2025-10-03 11:26:08'),
(1126, 'lilis_ritonga542', 'lilis_ritonga542@gmail.com', '$2y$10$eTRsaGXo7UfTXmImDfGMSed92bRieteYTkUx91z6ndxsiOCLqiYTm', 1, 'user', '2025-07-30 11:26:08'),
(1127, 'agus_saputra731', 'agus_saputra731@gmail.com', '$2y$10$eTRsaGXo7UfTXmImDfGMSed92bRieteYTkUx91z6ndxsiOCLqiYTm', 1, 'user', '2025-10-28 11:26:08'),
(1128, 'ningsih_budiman913', 'ningsih_budiman913@gmail.com', '$2y$10$eTRsaGXo7UfTXmImDfGMSed92bRieteYTkUx91z6ndxsiOCLqiYTm', 1, 'user', '2026-04-05 11:26:08'),
(1129, 'lestari_harahap68', 'lestari_harahap68@gmail.com', '$2y$10$eTRsaGXo7UfTXmImDfGMSed92bRieteYTkUx91z6ndxsiOCLqiYTm', 1, 'user', '2026-01-03 11:26:08'),
(1130, 'dwi_nugroho283', 'dwi_nugroho283@gmail.com', '$2y$10$eTRsaGXo7UfTXmImDfGMSed92bRieteYTkUx91z6ndxsiOCLqiYTm', 1, 'user', '2026-05-28 11:26:08'),
(1131, 'ningsih_ritonga718', 'ningsih_ritonga718@gmail.com', '$2y$10$eTRsaGXo7UfTXmImDfGMSed92bRieteYTkUx91z6ndxsiOCLqiYTm', 1, 'user', '2026-05-09 11:26:08'),
(1132, 'putri_prasetyo959', 'putri_prasetyo959@gmail.com', '$2y$10$eTRsaGXo7UfTXmImDfGMSed92bRieteYTkUx91z6ndxsiOCLqiYTm', 1, 'user', '2026-02-28 11:26:08'),
(1133, 'kartika_simbolon23', 'kartika_simbolon23@gmail.com', '$2y$10$eTRsaGXo7UfTXmImDfGMSed92bRieteYTkUx91z6ndxsiOCLqiYTm', 0, 'user', '2026-02-16 11:26:08'),
(1134, 'yanto_ginting908', 'yanto_ginting908@gmail.com', '$2y$10$eTRsaGXo7UfTXmImDfGMSed92bRieteYTkUx91z6ndxsiOCLqiYTm', 1, 'user', '2026-02-14 11:26:08'),
(1135, 'candra_saputra693', 'candra_saputra693@gmail.com', '$2y$10$eTRsaGXo7UfTXmImDfGMSed92bRieteYTkUx91z6ndxsiOCLqiYTm', 1, 'user', '2025-11-27 11:26:08'),
(1136, 'fajar_santoso246', 'fajar_santoso246@gmail.com', '$2y$10$eTRsaGXo7UfTXmImDfGMSed92bRieteYTkUx91z6ndxsiOCLqiYTm', 1, 'user', '2025-09-27 11:26:08'),
(1137, 'slamet_daulay510', 'slamet_daulay510@gmail.com', '$2y$10$eTRsaGXo7UfTXmImDfGMSed92bRieteYTkUx91z6ndxsiOCLqiYTm', 1, 'user', '2025-11-19 11:26:08'),
(1138, 'rian_budiman893', 'rian_budiman893@gmail.com', '$2y$10$eTRsaGXo7UfTXmImDfGMSed92bRieteYTkUx91z6ndxsiOCLqiYTm', 1, 'user', '2025-09-07 11:26:08'),
(1139, 'dian_daulay421', 'dian_daulay421@gmail.com', '$2y$10$eTRsaGXo7UfTXmImDfGMSed92bRieteYTkUx91z6ndxsiOCLqiYTm', 1, 'user', '2025-08-27 11:26:08'),
(1140, 'yanto_wijaya401', 'yanto_wijaya401@gmail.com', '$2y$10$eTRsaGXo7UfTXmImDfGMSed92bRieteYTkUx91z6ndxsiOCLqiYTm', 1, 'user', '2025-07-31 11:26:08'),
(1141, 'dwi_budiman418', 'dwi_budiman418@gmail.com', '$2y$10$eTRsaGXo7UfTXmImDfGMSed92bRieteYTkUx91z6ndxsiOCLqiYTm', 1, 'user', '2026-04-22 11:26:08'),
(1142, 'hendra_nugroho936', 'hendra_nugroho936@gmail.com', '$2y$10$eTRsaGXo7UfTXmImDfGMSed92bRieteYTkUx91z6ndxsiOCLqiYTm', 1, 'user', '2026-04-16 11:26:08'),
(1143, 'putri_wibowo77', 'putri_wibowo77@gmail.com', '$2y$10$eTRsaGXo7UfTXmImDfGMSed92bRieteYTkUx91z6ndxsiOCLqiYTm', 1, 'user', '2026-03-31 11:26:08'),
(1144, 'fajar_daulay596', 'fajar_daulay596@gmail.com', '$2y$10$eTRsaGXo7UfTXmImDfGMSed92bRieteYTkUx91z6ndxsiOCLqiYTm', 0, 'user', '2026-05-24 11:26:08'),
(1145, 'rudi_ritonga403', 'rudi_ritonga403@gmail.com', '$2y$10$eTRsaGXo7UfTXmImDfGMSed92bRieteYTkUx91z6ndxsiOCLqiYTm', 0, 'user', '2026-03-29 11:26:08'),
(1146, 'joko_siregar964', 'joko_siregar964@gmail.com', '$2y$10$eTRsaGXo7UfTXmImDfGMSed92bRieteYTkUx91z6ndxsiOCLqiYTm', 1, 'user', '2026-02-23 11:26:08'),
(1147, 'rudi_tanjung849', 'rudi_tanjung849@gmail.com', '$2y$10$eTRsaGXo7UfTXmImDfGMSed92bRieteYTkUx91z6ndxsiOCLqiYTm', 1, 'user', '2025-10-12 11:26:08'),
(1148, 'hendra_santoso981', 'hendra_santoso981@gmail.com', '$2y$10$eTRsaGXo7UfTXmImDfGMSed92bRieteYTkUx91z6ndxsiOCLqiYTm', 1, 'user', '2026-04-09 11:26:08'),
(1149, 'wahyu_tampubolon858', 'wahyu_tampubolon858@gmail.com', '$2y$10$eTRsaGXo7UfTXmImDfGMSed92bRieteYTkUx91z6ndxsiOCLqiYTm', 1, 'user', '2025-10-15 11:26:08'),
(1150, 'novi_kurniawan945', 'novi_kurniawan945@gmail.com', '$2y$10$eTRsaGXo7UfTXmImDfGMSed92bRieteYTkUx91z6ndxsiOCLqiYTm', 1, 'user', '2026-05-25 11:26:08'),
(1151, 'mulyono_kurniawan180', 'mulyono_kurniawan180@gmail.com', '$2y$10$eTRsaGXo7UfTXmImDfGMSed92bRieteYTkUx91z6ndxsiOCLqiYTm', 1, 'user', '2026-04-04 11:26:08'),
(1152, 'eko_pane22', 'eko_pane22@gmail.com', '$2y$10$eTRsaGXo7UfTXmImDfGMSed92bRieteYTkUx91z6ndxsiOCLqiYTm', 1, 'user', '2025-08-20 11:26:08'),
(1153, 'agus_batubara943', 'agus_batubara943@gmail.com', '$2y$10$eTRsaGXo7UfTXmImDfGMSed92bRieteYTkUx91z6ndxsiOCLqiYTm', 1, 'user', '2026-05-13 11:26:08'),
(1154, 'wahyu_tanjung65', 'wahyu_tanjung65@gmail.com', '$2y$10$eTRsaGXo7UfTXmImDfGMSed92bRieteYTkUx91z6ndxsiOCLqiYTm', 1, 'user', '2026-06-06 11:26:08'),
(1155, 'putra_simbolon959', 'putra_simbolon959@gmail.com', '$2y$10$eTRsaGXo7UfTXmImDfGMSed92bRieteYTkUx91z6ndxsiOCLqiYTm', 1, 'user', '2026-05-28 11:26:08'),
(1156, 'aditya_tanjung82', 'aditya_tanjung82@gmail.com', '$2y$10$eTRsaGXo7UfTXmImDfGMSed92bRieteYTkUx91z6ndxsiOCLqiYTm', 1, 'user', '2025-10-13 11:26:08'),
(1157, 'prabowo_simbolon761', 'prabowo_simbolon761@gmail.com', '$2y$10$eTRsaGXo7UfTXmImDfGMSed92bRieteYTkUx91z6ndxsiOCLqiYTm', 1, 'user', '2026-01-25 11:26:08'),
(1158, 'indah_tanjung758', 'indah_tanjung758@gmail.com', '$2y$10$eTRsaGXo7UfTXmImDfGMSed92bRieteYTkUx91z6ndxsiOCLqiYTm', 0, 'user', '2025-11-27 11:26:08'),
(1159, 'hadi_santoso333', 'hadi_santoso333@gmail.com', '$2y$10$eTRsaGXo7UfTXmImDfGMSed92bRieteYTkUx91z6ndxsiOCLqiYTm', 1, 'user', '2026-03-14 11:26:08'),
(1160, 'novi_harahap30', 'novi_harahap30@gmail.com', '$2y$10$eTRsaGXo7UfTXmImDfGMSed92bRieteYTkUx91z6ndxsiOCLqiYTm', 1, 'user', '2025-09-29 11:26:08'),
(1161, 'ningsih_kurniawan295', 'ningsih_kurniawan295@gmail.com', '$2y$10$eTRsaGXo7UfTXmImDfGMSed92bRieteYTkUx91z6ndxsiOCLqiYTm', 1, 'user', '2026-01-09 11:26:08'),
(1162, 'aditya_setiawan642', 'aditya_setiawan642@gmail.com', '$2y$10$eTRsaGXo7UfTXmImDfGMSed92bRieteYTkUx91z6ndxsiOCLqiYTm', 1, 'user', '2026-01-28 11:26:08'),
(1163, 'siti_setiawan760', 'siti_setiawan760@gmail.com', '$2y$10$eTRsaGXo7UfTXmImDfGMSed92bRieteYTkUx91z6ndxsiOCLqiYTm', 1, 'user', '2026-03-21 11:26:08'),
(1164, 'sri_ritonga504', 'sri_ritonga504@gmail.com', '$2y$10$eTRsaGXo7UfTXmImDfGMSed92bRieteYTkUx91z6ndxsiOCLqiYTm', 1, 'user', '2026-06-03 11:26:08'),
(1165, 'slamet_wibowo732', 'slamet_wibowo732@gmail.com', '$2y$10$eTRsaGXo7UfTXmImDfGMSed92bRieteYTkUx91z6ndxsiOCLqiYTm', 0, 'user', '2025-08-15 11:26:08'),
(1166, 'wahyu_suryadi470', 'wahyu_suryadi470@gmail.com', '$2y$10$eTRsaGXo7UfTXmImDfGMSed92bRieteYTkUx91z6ndxsiOCLqiYTm', 1, 'user', '2025-07-02 11:26:08'),
(1167, 'eko_tanjung83', 'eko_tanjung83@gmail.com', '$2y$10$eTRsaGXo7UfTXmImDfGMSed92bRieteYTkUx91z6ndxsiOCLqiYTm', 1, 'user', '2025-08-09 11:26:08'),
(1168, 'sri_suryadi83', 'sri_suryadi83@gmail.com', '$2y$10$eTRsaGXo7UfTXmImDfGMSed92bRieteYTkUx91z6ndxsiOCLqiYTm', 1, 'user', '2026-06-08 11:26:08'),
(1169, 'wahyu_gunawan344', 'wahyu_gunawan344@gmail.com', '$2y$10$eTRsaGXo7UfTXmImDfGMSed92bRieteYTkUx91z6ndxsiOCLqiYTm', 0, 'user', '2025-10-08 11:26:08'),
(1170, 'zainal_prasetyo81', 'zainal_prasetyo81@gmail.com', '$2y$10$eTRsaGXo7UfTXmImDfGMSed92bRieteYTkUx91z6ndxsiOCLqiYTm', 1, 'user', '2026-01-29 11:26:08'),
(1171, 'hadi_batubara98', 'hadi_batubara98@gmail.com', '$2y$10$eTRsaGXo7UfTXmImDfGMSed92bRieteYTkUx91z6ndxsiOCLqiYTm', 1, 'user', '2026-04-07 11:26:08'),
(1172, 'hadi_simbolon897', 'hadi_simbolon897@gmail.com', '$2y$10$eTRsaGXo7UfTXmImDfGMSed92bRieteYTkUx91z6ndxsiOCLqiYTm', 0, 'user', '2026-01-02 11:26:08'),
(1173, 'utami_batubara526', 'utami_batubara526@gmail.com', '$2y$10$eTRsaGXo7UfTXmImDfGMSed92bRieteYTkUx91z6ndxsiOCLqiYTm', 1, 'user', '2026-03-10 11:26:08'),
(1174, 'tri_sutrisno623', 'tri_sutrisno623@gmail.com', '$2y$10$eTRsaGXo7UfTXmImDfGMSed92bRieteYTkUx91z6ndxsiOCLqiYTm', 1, 'user', '2026-05-19 11:26:08'),
(1175, 'utami_saputra277', 'utami_saputra277@gmail.com', '$2y$10$eTRsaGXo7UfTXmImDfGMSed92bRieteYTkUx91z6ndxsiOCLqiYTm', 1, 'user', '2026-01-02 11:26:08'),
(1176, 'bambang_nugroho367', 'bambang_nugroho367@gmail.com', '$2y$10$eTRsaGXo7UfTXmImDfGMSed92bRieteYTkUx91z6ndxsiOCLqiYTm', 1, 'user', '2025-07-26 11:26:08'),
(1177, 'agus_ritonga756', 'agus_ritonga756@gmail.com', '$2y$10$eTRsaGXo7UfTXmImDfGMSed92bRieteYTkUx91z6ndxsiOCLqiYTm', 1, 'user', '2026-01-18 11:26:08'),
(1178, 'yuni_ritonga303', 'yuni_ritonga303@gmail.com', '$2y$10$eTRsaGXo7UfTXmImDfGMSed92bRieteYTkUx91z6ndxsiOCLqiYTm', 1, 'user', '2025-12-17 11:26:08'),
(1179, 'slamet_lubis93', 'slamet_lubis93@gmail.com', '$2y$10$eTRsaGXo7UfTXmImDfGMSed92bRieteYTkUx91z6ndxsiOCLqiYTm', 0, 'user', '2026-04-04 11:26:08'),
(1180, 'tri_simanjuntak280', 'tri_simanjuntak280@gmail.com', '$2y$10$eTRsaGXo7UfTXmImDfGMSed92bRieteYTkUx91z6ndxsiOCLqiYTm', 1, 'user', '2025-11-20 11:26:08'),
(1181, 'bayu_pane736', 'bayu_pane736@gmail.com', '$2y$10$eTRsaGXo7UfTXmImDfGMSed92bRieteYTkUx91z6ndxsiOCLqiYTm', 1, 'user', '2025-07-22 11:26:08'),
(1182, 'ningsih_lubis957', 'ningsih_lubis957@gmail.com', '$2y$10$eTRsaGXo7UfTXmImDfGMSed92bRieteYTkUx91z6ndxsiOCLqiYTm', 1, 'user', '2025-08-09 11:26:08'),
(1183, 'tri_sutrisno766', 'tri_sutrisno766@gmail.com', '$2y$10$eTRsaGXo7UfTXmImDfGMSed92bRieteYTkUx91z6ndxsiOCLqiYTm', 1, 'user', '2025-09-04 11:26:08'),
(1184, 'kartika_budiman452', 'kartika_budiman452@gmail.com', '$2y$10$eTRsaGXo7UfTXmImDfGMSed92bRieteYTkUx91z6ndxsiOCLqiYTm', 1, 'user', '2026-04-29 11:26:08'),
(1185, 'aditya_ginting746', 'aditya_ginting746@gmail.com', '$2y$10$eTRsaGXo7UfTXmImDfGMSed92bRieteYTkUx91z6ndxsiOCLqiYTm', 0, 'user', '2026-01-25 11:26:08'),
(1186, 'bayu_wijaya461', 'bayu_wijaya461@gmail.com', '$2y$10$eTRsaGXo7UfTXmImDfGMSed92bRieteYTkUx91z6ndxsiOCLqiYTm', 1, 'user', '2026-02-07 11:26:08'),
(1187, 'hendra_sutrisno340', 'hendra_sutrisno340@gmail.com', '$2y$10$eTRsaGXo7UfTXmImDfGMSed92bRieteYTkUx91z6ndxsiOCLqiYTm', 1, 'user', '2025-10-22 11:26:08'),
(1188, 'zainal_hartono97', 'zainal_hartono97@gmail.com', '$2y$10$eTRsaGXo7UfTXmImDfGMSed92bRieteYTkUx91z6ndxsiOCLqiYTm', 1, 'user', '2025-10-02 11:26:08'),
(1189, 'sari_simanjuntak430', 'sari_simanjuntak430@gmail.com', '$2y$10$eTRsaGXo7UfTXmImDfGMSed92bRieteYTkUx91z6ndxsiOCLqiYTm', 1, 'user', '2025-10-27 11:26:08'),
(1190, 'eko_lubis381', 'eko_lubis381@gmail.com', '$2y$10$eTRsaGXo7UfTXmImDfGMSed92bRieteYTkUx91z6ndxsiOCLqiYTm', 1, 'user', '2025-12-26 11:26:08'),
(1191, 'putra_nugroho521', 'putra_nugroho521@gmail.com', '$2y$10$eTRsaGXo7UfTXmImDfGMSed92bRieteYTkUx91z6ndxsiOCLqiYTm', 1, 'user', '2025-11-05 11:26:08'),
(1192, 'mulyono_setiawan579', 'mulyono_setiawan579@gmail.com', '$2y$10$eTRsaGXo7UfTXmImDfGMSed92bRieteYTkUx91z6ndxsiOCLqiYTm', 1, 'user', '2026-05-07 11:26:08'),
(1193, 'lilis_setiawan474', 'lilis_setiawan474@gmail.com', '$2y$10$eTRsaGXo7UfTXmImDfGMSed92bRieteYTkUx91z6ndxsiOCLqiYTm', 1, 'user', '2025-07-07 11:26:08'),
(1194, 'mulyono_susanto662', 'mulyono_susanto662@gmail.com', '$2y$10$eTRsaGXo7UfTXmImDfGMSed92bRieteYTkUx91z6ndxsiOCLqiYTm', 1, 'user', '2025-08-05 11:26:08'),
(1195, 'sri_susanto302', 'sri_susanto302@gmail.com', '$2y$10$eTRsaGXo7UfTXmImDfGMSed92bRieteYTkUx91z6ndxsiOCLqiYTm', 1, 'user', '2025-10-30 11:26:08'),
(1196, 'rudi_tanjung275', 'rudi_tanjung275@gmail.com', '$2y$10$eTRsaGXo7UfTXmImDfGMSed92bRieteYTkUx91z6ndxsiOCLqiYTm', 1, 'user', '2026-05-01 11:26:08'),
(1197, 'mulyono_pane710', 'mulyono_pane710@gmail.com', '$2y$10$eTRsaGXo7UfTXmImDfGMSed92bRieteYTkUx91z6ndxsiOCLqiYTm', 1, 'user', '2025-11-21 11:26:08'),
(1198, 'ningsih_gunawan457', 'ningsih_gunawan457@gmail.com', '$2y$10$eTRsaGXo7UfTXmImDfGMSed92bRieteYTkUx91z6ndxsiOCLqiYTm', 1, 'user', '2026-01-17 11:26:08'),
(1199, 'slamet_sutrisno907', 'slamet_sutrisno907@gmail.com', '$2y$10$eTRsaGXo7UfTXmImDfGMSed92bRieteYTkUx91z6ndxsiOCLqiYTm', 1, 'user', '2025-06-30 11:26:08'),
(1200, 'zainal_prasetyo436', 'zainal_prasetyo436@gmail.com', '$2y$10$eTRsaGXo7UfTXmImDfGMSed92bRieteYTkUx91z6ndxsiOCLqiYTm', 1, 'user', '2025-09-29 11:26:08'),
(1201, 'dian_simanjuntak708', 'dian_simanjuntak708@gmail.com', '$2y$10$eTRsaGXo7UfTXmImDfGMSed92bRieteYTkUx91z6ndxsiOCLqiYTm', 1, 'user', '2026-05-08 11:26:08'),
(1202, 'indah_tampubolon465', 'indah_tampubolon465@gmail.com', '$2y$10$eTRsaGXo7UfTXmImDfGMSed92bRieteYTkUx91z6ndxsiOCLqiYTm', 1, 'user', '2025-08-08 11:26:08'),
(1203, 'eko_tampubolon677', 'eko_tampubolon677@gmail.com', '$2y$10$eTRsaGXo7UfTXmImDfGMSed92bRieteYTkUx91z6ndxsiOCLqiYTm', 1, 'user', '2025-07-15 11:26:08'),
(1204, 'aditya_simbolon940', 'aditya_simbolon940@gmail.com', '$2y$10$eTRsaGXo7UfTXmImDfGMSed92bRieteYTkUx91z6ndxsiOCLqiYTm', 1, 'user', '2026-03-30 11:26:08'),
(1205, 'kartika_siregar936', 'kartika_siregar936@gmail.com', '$2y$10$eTRsaGXo7UfTXmImDfGMSed92bRieteYTkUx91z6ndxsiOCLqiYTm', 1, 'user', '2025-09-16 11:26:08'),
(1206, 'dewi_batubara15', 'dewi_batubara15@gmail.com', '$2y$10$eTRsaGXo7UfTXmImDfGMSed92bRieteYTkUx91z6ndxsiOCLqiYTm', 1, 'user', '2025-07-16 11:26:08'),
(1207, 'ningsih_nasution59', 'ningsih_nasution59@gmail.com', '$2y$10$eTRsaGXo7UfTXmImDfGMSed92bRieteYTkUx91z6ndxsiOCLqiYTm', 1, 'user', '2025-11-06 11:26:08'),
(1208, 'candra_tanjung171', 'candra_tanjung171@gmail.com', '$2y$10$eTRsaGXo7UfTXmImDfGMSed92bRieteYTkUx91z6ndxsiOCLqiYTm', 1, 'user', '2025-12-12 11:26:08'),
(1209, 'dian_gunawan823', 'dian_gunawan823@gmail.com', '$2y$10$eTRsaGXo7UfTXmImDfGMSed92bRieteYTkUx91z6ndxsiOCLqiYTm', 1, 'user', '2025-08-03 11:26:08'),
(1210, 'novi_ritonga154', 'novi_ritonga154@gmail.com', '$2y$10$eTRsaGXo7UfTXmImDfGMSed92bRieteYTkUx91z6ndxsiOCLqiYTm', 1, 'user', '2026-03-29 11:26:08'),
(1211, 'indah_siregar231', 'indah_siregar231@gmail.com', '$2y$10$eTRsaGXo7UfTXmImDfGMSed92bRieteYTkUx91z6ndxsiOCLqiYTm', 1, 'user', '2026-02-18 11:26:08'),
(1212, 'putri_budiman605', 'putri_budiman605@gmail.com', '$2y$10$eTRsaGXo7UfTXmImDfGMSed92bRieteYTkUx91z6ndxsiOCLqiYTm', 1, 'user', '2025-09-06 11:26:08'),
(1213, 'budi_simbolon846', 'budi_simbolon846@gmail.com', '$2y$10$eTRsaGXo7UfTXmImDfGMSed92bRieteYTkUx91z6ndxsiOCLqiYTm', 1, 'user', '2026-05-14 11:26:08'),
(1214, 'budi_ritonga281', 'budi_ritonga281@gmail.com', '$2y$10$eTRsaGXo7UfTXmImDfGMSed92bRieteYTkUx91z6ndxsiOCLqiYTm', 1, 'user', '2026-01-12 11:26:08'),
(1215, 'rudi_wijaya687', 'rudi_wijaya687@gmail.com', '$2y$10$eTRsaGXo7UfTXmImDfGMSed92bRieteYTkUx91z6ndxsiOCLqiYTm', 0, 'user', '2025-09-26 11:26:08'),
(1216, 'budi_kurniawan252', 'budi_kurniawan252@gmail.com', '$2y$10$eTRsaGXo7UfTXmImDfGMSed92bRieteYTkUx91z6ndxsiOCLqiYTm', 1, 'user', '2026-01-16 11:26:08'),
(1217, 'supardi_suryadi22', 'supardi_suryadi22@gmail.com', '$2y$10$eTRsaGXo7UfTXmImDfGMSed92bRieteYTkUx91z6ndxsiOCLqiYTm', 1, 'user', '2025-07-10 11:26:08'),
(1218, 'gita_simbolon597', 'gita_simbolon597@gmail.com', '$2y$10$eTRsaGXo7UfTXmImDfGMSed92bRieteYTkUx91z6ndxsiOCLqiYTm', 1, 'user', '2025-10-19 11:26:08'),
(1219, 'slamet_setiawan748', 'slamet_setiawan748@gmail.com', '$2y$10$eTRsaGXo7UfTXmImDfGMSed92bRieteYTkUx91z6ndxsiOCLqiYTm', 1, 'user', '2026-05-29 11:26:08'),
(1220, 'fajar_budiman931', 'fajar_budiman931@gmail.com', '$2y$10$eTRsaGXo7UfTXmImDfGMSed92bRieteYTkUx91z6ndxsiOCLqiYTm', 1, 'user', '2026-05-12 11:26:08'),
(1221, 'candra_pohan805', 'candra_pohan805@gmail.com', '$2y$10$eTRsaGXo7UfTXmImDfGMSed92bRieteYTkUx91z6ndxsiOCLqiYTm', 1, 'user', '2025-07-09 11:26:08'),
(1222, 'siti_tanjung192', 'siti_tanjung192@gmail.com', '$2y$10$eTRsaGXo7UfTXmImDfGMSed92bRieteYTkUx91z6ndxsiOCLqiYTm', 1, 'user', '2025-07-14 11:26:08'),
(1223, 'bambang_harahap144', 'bambang_harahap144@gmail.com', '$2y$10$eTRsaGXo7UfTXmImDfGMSed92bRieteYTkUx91z6ndxsiOCLqiYTm', 1, 'user', '2025-07-23 11:26:08'),
(1224, 'wahyu_ginting884', 'wahyu_ginting884@gmail.com', '$2y$10$eTRsaGXo7UfTXmImDfGMSed92bRieteYTkUx91z6ndxsiOCLqiYTm', 1, 'user', '2026-03-31 11:26:08'),
(1225, 'lilis_suryadi263', 'lilis_suryadi263@gmail.com', '$2y$10$eTRsaGXo7UfTXmImDfGMSed92bRieteYTkUx91z6ndxsiOCLqiYTm', 1, 'user', '2025-08-07 11:26:08'),
(1226, 'dewi_hutapea982', 'dewi_hutapea982@gmail.com', '$2y$10$eTRsaGXo7UfTXmImDfGMSed92bRieteYTkUx91z6ndxsiOCLqiYTm', 0, 'user', '2025-11-21 11:26:08'),
(1227, 'hendra_nugroho998', 'hendra_nugroho998@gmail.com', '$2y$10$eTRsaGXo7UfTXmImDfGMSed92bRieteYTkUx91z6ndxsiOCLqiYTm', 1, 'user', '2026-02-26 11:26:08'),
(1228, 'agus_wibowo813', 'agus_wibowo813@gmail.com', '$2y$10$eTRsaGXo7UfTXmImDfGMSed92bRieteYTkUx91z6ndxsiOCLqiYTm', 1, 'user', '2026-06-01 11:26:08'),
(1229, 'wahyu_hutapea582', 'wahyu_hutapea582@gmail.com', '$2y$10$eTRsaGXo7UfTXmImDfGMSed92bRieteYTkUx91z6ndxsiOCLqiYTm', 1, 'user', '2026-06-04 11:26:08'),
(1230, 'slamet_nasution659', 'slamet_nasution659@gmail.com', '$2y$10$eTRsaGXo7UfTXmImDfGMSed92bRieteYTkUx91z6ndxsiOCLqiYTm', 1, 'user', '2026-03-03 11:26:08'),
(1231, 'zainal_siregar423', 'zainal_siregar423@gmail.com', '$2y$10$eTRsaGXo7UfTXmImDfGMSed92bRieteYTkUx91z6ndxsiOCLqiYTm', 0, 'user', '2026-04-30 11:26:08'),
(1232, 'hadi_ginting179', 'hadi_ginting179@gmail.com', '$2y$10$eTRsaGXo7UfTXmImDfGMSed92bRieteYTkUx91z6ndxsiOCLqiYTm', 1, 'user', '2026-01-02 11:26:08'),
(1233, 'lestari_lubis452', 'lestari_lubis452@gmail.com', '$2y$10$eTRsaGXo7UfTXmImDfGMSed92bRieteYTkUx91z6ndxsiOCLqiYTm', 1, 'user', '2026-03-10 11:26:08'),
(1234, 'sari_lubis514', 'sari_lubis514@gmail.com', '$2y$10$eTRsaGXo7UfTXmImDfGMSed92bRieteYTkUx91z6ndxsiOCLqiYTm', 1, 'user', '2026-04-19 11:26:08'),
(1235, 'zainal_hartono312', 'zainal_hartono312@gmail.com', '$2y$10$eTRsaGXo7UfTXmImDfGMSed92bRieteYTkUx91z6ndxsiOCLqiYTm', 0, 'user', '2026-04-30 11:26:08'),
(1236, 'supardi_ritonga605', 'supardi_ritonga605@gmail.com', '$2y$10$eTRsaGXo7UfTXmImDfGMSed92bRieteYTkUx91z6ndxsiOCLqiYTm', 1, 'user', '2025-09-18 11:26:08'),
(1237, 'hadi_simanjuntak737', 'hadi_simanjuntak737@gmail.com', '$2y$10$eTRsaGXo7UfTXmImDfGMSed92bRieteYTkUx91z6ndxsiOCLqiYTm', 1, 'user', '2025-10-07 11:26:08'),
(1238, 'dwi_simanjuntak624', 'dwi_simanjuntak624@gmail.com', '$2y$10$eTRsaGXo7UfTXmImDfGMSed92bRieteYTkUx91z6ndxsiOCLqiYTm', 1, 'user', '2026-02-26 11:26:08'),
(1239, 'joko_kurniawan490', 'joko_kurniawan490@gmail.com', '$2y$10$eTRsaGXo7UfTXmImDfGMSed92bRieteYTkUx91z6ndxsiOCLqiYTm', 1, 'user', '2025-08-16 11:26:08'),
(1240, 'siti_siregar547', 'siti_siregar547@gmail.com', '$2y$10$eTRsaGXo7UfTXmImDfGMSed92bRieteYTkUx91z6ndxsiOCLqiYTm', 1, 'user', '2026-05-07 11:26:08'),
(1241, 'indah_hidayat163', 'indah_hidayat163@gmail.com', '$2y$10$eTRsaGXo7UfTXmImDfGMSed92bRieteYTkUx91z6ndxsiOCLqiYTm', 1, 'user', '2025-07-23 11:26:08'),
(1242, 'dian_pane103', 'dian_pane103@gmail.com', '$2y$10$eTRsaGXo7UfTXmImDfGMSed92bRieteYTkUx91z6ndxsiOCLqiYTm', 1, 'user', '2026-04-02 11:26:08'),
(1243, 'slamet_hutapea329', 'slamet_hutapea329@gmail.com', '$2y$10$eTRsaGXo7UfTXmImDfGMSed92bRieteYTkUx91z6ndxsiOCLqiYTm', 1, 'user', '2026-06-07 11:26:08'),
(1244, 'yuni_batubara526', 'yuni_batubara526@gmail.com', '$2y$10$eTRsaGXo7UfTXmImDfGMSed92bRieteYTkUx91z6ndxsiOCLqiYTm', 1, 'user', '2026-03-27 11:26:08'),
(1245, 'tono_pohan553', 'tono_pohan553@gmail.com', '$2y$10$eTRsaGXo7UfTXmImDfGMSed92bRieteYTkUx91z6ndxsiOCLqiYTm', 1, 'user', '2025-10-05 11:26:08'),
(1246, 'lilis_hidayat72', 'lilis_hidayat72@gmail.com', '$2y$10$eTRsaGXo7UfTXmImDfGMSed92bRieteYTkUx91z6ndxsiOCLqiYTm', 1, 'user', '2026-04-03 11:26:08'),
(1247, 'tri_hidayat51', 'tri_hidayat51@gmail.com', '$2y$10$eTRsaGXo7UfTXmImDfGMSed92bRieteYTkUx91z6ndxsiOCLqiYTm', 1, 'user', '2025-08-18 11:26:08'),
(1248, 'supardi_batubara163', 'supardi_batubara163@gmail.com', '$2y$10$eTRsaGXo7UfTXmImDfGMSed92bRieteYTkUx91z6ndxsiOCLqiYTm', 1, 'user', '2025-11-11 11:26:08'),
(1249, 'dewi_santoso314', 'dewi_santoso314@gmail.com', '$2y$10$eTRsaGXo7UfTXmImDfGMSed92bRieteYTkUx91z6ndxsiOCLqiYTm', 1, 'user', '2026-02-26 11:26:08'),
(1250, 'rian_kurniawan776', 'rian_kurniawan776@gmail.com', '$2y$10$eTRsaGXo7UfTXmImDfGMSed92bRieteYTkUx91z6ndxsiOCLqiYTm', 1, 'user', '2026-01-18 11:26:08'),
(1251, 'rudi_pohan98', 'rudi_pohan98@gmail.com', '$2y$10$eTRsaGXo7UfTXmImDfGMSed92bRieteYTkUx91z6ndxsiOCLqiYTm', 0, 'user', '2025-07-14 11:26:08'),
(1252, 'utami_prasetyo612', 'utami_prasetyo612@gmail.com', '$2y$10$eTRsaGXo7UfTXmImDfGMSed92bRieteYTkUx91z6ndxsiOCLqiYTm', 1, 'user', '2026-03-26 11:26:08'),
(1253, 'kartika_nasution307', 'kartika_nasution307@gmail.com', '$2y$10$eTRsaGXo7UfTXmImDfGMSed92bRieteYTkUx91z6ndxsiOCLqiYTm', 0, 'user', '2026-05-30 11:26:08'),
(1254, 'gita_pane351', 'gita_pane351@gmail.com', '$2y$10$eTRsaGXo7UfTXmImDfGMSed92bRieteYTkUx91z6ndxsiOCLqiYTm', 1, 'user', '2026-04-22 11:26:08'),
(1255, 'novi_lubis166', 'novi_lubis166@gmail.com', '$2y$10$eTRsaGXo7UfTXmImDfGMSed92bRieteYTkUx91z6ndxsiOCLqiYTm', 0, 'user', '2025-10-30 11:26:08'),
(1256, 'putri_pohan484', 'putri_pohan484@gmail.com', '$2y$10$eTRsaGXo7UfTXmImDfGMSed92bRieteYTkUx91z6ndxsiOCLqiYTm', 1, 'user', '2026-03-31 11:26:08'),
(1257, 'yuni_hutapea34', 'yuni_hutapea34@gmail.com', '$2y$10$eTRsaGXo7UfTXmImDfGMSed92bRieteYTkUx91z6ndxsiOCLqiYTm', 1, 'user', '2026-02-27 11:26:08'),
(1258, 'prabowo_sutrisno803', 'prabowo_sutrisno803@gmail.com', '$2y$10$eTRsaGXo7UfTXmImDfGMSed92bRieteYTkUx91z6ndxsiOCLqiYTm', 1, 'user', '2025-11-05 11:26:08'),
(1259, 'rian_lubis486', 'rian_lubis486@gmail.com', '$2y$10$eTRsaGXo7UfTXmImDfGMSed92bRieteYTkUx91z6ndxsiOCLqiYTm', 1, 'user', '2026-05-10 11:26:08'),
(1260, 'tono_tampubolon442', 'tono_tampubolon442@gmail.com', '$2y$10$eTRsaGXo7UfTXmImDfGMSed92bRieteYTkUx91z6ndxsiOCLqiYTm', 1, 'user', '2026-01-11 11:26:08'),
(1261, 'slamet_nasution877', 'slamet_nasution877@gmail.com', '$2y$10$eTRsaGXo7UfTXmImDfGMSed92bRieteYTkUx91z6ndxsiOCLqiYTm', 1, 'user', '2026-02-19 11:26:08'),
(1262, 'lestari_nugroho892', 'lestari_nugroho892@gmail.com', '$2y$10$eTRsaGXo7UfTXmImDfGMSed92bRieteYTkUx91z6ndxsiOCLqiYTm', 1, 'user', '2025-09-17 11:26:08'),
(1263, 'lestari_hidayat179', 'lestari_hidayat179@gmail.com', '$2y$10$eTRsaGXo7UfTXmImDfGMSed92bRieteYTkUx91z6ndxsiOCLqiYTm', 0, 'user', '2026-05-10 11:26:08'),
(1264, 'mega_harahap634', 'mega_harahap634@gmail.com', '$2y$10$eTRsaGXo7UfTXmImDfGMSed92bRieteYTkUx91z6ndxsiOCLqiYTm', 1, 'user', '2026-05-12 11:26:08'),
(1265, 'sari_simbolon876', 'sari_simbolon876@gmail.com', '$2y$10$eTRsaGXo7UfTXmImDfGMSed92bRieteYTkUx91z6ndxsiOCLqiYTm', 1, 'user', '2025-07-15 11:26:08'),
(1266, 'tono_ritonga639', 'tono_ritonga639@gmail.com', '$2y$10$eTRsaGXo7UfTXmImDfGMSed92bRieteYTkUx91z6ndxsiOCLqiYTm', 1, 'user', '2025-09-24 11:26:08'),
(1267, 'prabowo_ritonga612', 'prabowo_ritonga612@gmail.com', '$2y$10$eTRsaGXo7UfTXmImDfGMSed92bRieteYTkUx91z6ndxsiOCLqiYTm', 1, 'user', '2026-03-04 11:26:08'),
(1268, 'indah_harahap502', 'indah_harahap502@gmail.com', '$2y$10$eTRsaGXo7UfTXmImDfGMSed92bRieteYTkUx91z6ndxsiOCLqiYTm', 1, 'user', '2025-11-12 11:26:08'),
(1269, 'mulyono_sutrisno870', 'mulyono_sutrisno870@gmail.com', '$2y$10$eTRsaGXo7UfTXmImDfGMSed92bRieteYTkUx91z6ndxsiOCLqiYTm', 1, 'user', '2025-12-17 11:26:08'),
(1270, 'oki_ginting677', 'oki_ginting677@gmail.com', '$2y$10$eTRsaGXo7UfTXmImDfGMSed92bRieteYTkUx91z6ndxsiOCLqiYTm', 1, 'user', '2026-01-29 11:26:08'),
(1271, 'budi_nasution874', 'budi_nasution874@gmail.com', '$2y$10$eTRsaGXo7UfTXmImDfGMSed92bRieteYTkUx91z6ndxsiOCLqiYTm', 0, 'user', '2025-06-30 11:26:08'),
(1272, 'hadi_pohan310', 'hadi_pohan310@gmail.com', '$2y$10$eTRsaGXo7UfTXmImDfGMSed92bRieteYTkUx91z6ndxsiOCLqiYTm', 1, 'user', '2026-04-27 11:26:08'),
(1273, 'agus_saputra89', 'agus_saputra89@gmail.com', '$2y$10$eTRsaGXo7UfTXmImDfGMSed92bRieteYTkUx91z6ndxsiOCLqiYTm', 1, 'user', '2026-03-26 11:26:08'),
(1274, 'oki_gunawan549', 'oki_gunawan549@gmail.com', '$2y$10$eTRsaGXo7UfTXmImDfGMSed92bRieteYTkUx91z6ndxsiOCLqiYTm', 0, 'user', '2025-06-30 11:26:08'),
(1275, 'wahyu_nasution113', 'wahyu_nasution113@gmail.com', '$2y$10$eTRsaGXo7UfTXmImDfGMSed92bRieteYTkUx91z6ndxsiOCLqiYTm', 1, 'user', '2026-05-14 11:26:08'),
(1276, 'supardi_hutapea837', 'supardi_hutapea837@gmail.com', '$2y$10$eTRsaGXo7UfTXmImDfGMSed92bRieteYTkUx91z6ndxsiOCLqiYTm', 1, 'user', '2026-03-03 11:26:08'),
(1277, 'sri_hartono865', 'sri_hartono865@gmail.com', '$2y$10$eTRsaGXo7UfTXmImDfGMSed92bRieteYTkUx91z6ndxsiOCLqiYTm', 1, 'user', '2025-11-04 11:26:08'),
(1278, 'hendra_hidayat125', 'hendra_hidayat125@gmail.com', '$2y$10$eTRsaGXo7UfTXmImDfGMSed92bRieteYTkUx91z6ndxsiOCLqiYTm', 1, 'user', '2025-08-20 11:26:08'),
(1279, 'fajar_saputra515', 'fajar_saputra515@gmail.com', '$2y$10$eTRsaGXo7UfTXmImDfGMSed92bRieteYTkUx91z6ndxsiOCLqiYTm', 1, 'user', '2026-04-12 11:26:08'),
(1280, 'yanto_setiawan760', 'yanto_setiawan760@gmail.com', '$2y$10$eTRsaGXo7UfTXmImDfGMSed92bRieteYTkUx91z6ndxsiOCLqiYTm', 1, 'user', '2025-09-08 11:26:08'),
(1281, 'zainal_pohan492', 'zainal_pohan492@gmail.com', '$2y$10$eTRsaGXo7UfTXmImDfGMSed92bRieteYTkUx91z6ndxsiOCLqiYTm', 1, 'user', '2026-04-13 11:26:08'),
(1282, 'oki_siregar37', 'oki_siregar37@gmail.com', '$2y$10$eTRsaGXo7UfTXmImDfGMSed92bRieteYTkUx91z6ndxsiOCLqiYTm', 1, 'user', '2026-06-07 11:26:08'),
(1283, 'fajar_gunawan974', 'fajar_gunawan974@gmail.com', '$2y$10$eTRsaGXo7UfTXmImDfGMSed92bRieteYTkUx91z6ndxsiOCLqiYTm', 1, 'user', '2025-07-30 11:26:08'),
(1284, 'eko_setiawan742', 'eko_setiawan742@gmail.com', '$2y$10$eTRsaGXo7UfTXmImDfGMSed92bRieteYTkUx91z6ndxsiOCLqiYTm', 1, 'user', '2026-01-27 11:26:08'),
(1285, 'budi_lubis421', 'budi_lubis421@gmail.com', '$2y$10$eTRsaGXo7UfTXmImDfGMSed92bRieteYTkUx91z6ndxsiOCLqiYTm', 0, 'user', '2026-03-02 11:26:08'),
(1286, 'mulyono_batubara216', 'mulyono_batubara216@gmail.com', '$2y$10$eTRsaGXo7UfTXmImDfGMSed92bRieteYTkUx91z6ndxsiOCLqiYTm', 0, 'user', '2026-01-14 11:26:08'),
(1287, 'sri_sutrisno976', 'sri_sutrisno976@gmail.com', '$2y$10$eTRsaGXo7UfTXmImDfGMSed92bRieteYTkUx91z6ndxsiOCLqiYTm', 1, 'user', '2026-03-19 11:26:08'),
(1288, 'tri_pohan192', 'tri_pohan192@gmail.com', '$2y$10$eTRsaGXo7UfTXmImDfGMSed92bRieteYTkUx91z6ndxsiOCLqiYTm', 1, 'user', '2026-04-16 11:26:08'),
(1289, 'sri_saputra381', 'sri_saputra381@gmail.com', '$2y$10$eTRsaGXo7UfTXmImDfGMSed92bRieteYTkUx91z6ndxsiOCLqiYTm', 1, 'user', '2026-03-03 11:26:08'),
(1290, 'yuni_saputra487', 'yuni_saputra487@gmail.com', '$2y$10$eTRsaGXo7UfTXmImDfGMSed92bRieteYTkUx91z6ndxsiOCLqiYTm', 1, 'user', '2025-12-31 11:26:08'),
(1291, 'indah_sutrisno231', 'indah_sutrisno231@gmail.com', '$2y$10$eTRsaGXo7UfTXmImDfGMSed92bRieteYTkUx91z6ndxsiOCLqiYTm', 1, 'user', '2025-12-05 11:26:08'),
(1292, 'rudi_ginting390', 'rudi_ginting390@gmail.com', '$2y$10$eTRsaGXo7UfTXmImDfGMSed92bRieteYTkUx91z6ndxsiOCLqiYTm', 1, 'user', '2025-10-29 11:26:08'),
(1293, 'hadi_nugroho207', 'hadi_nugroho207@gmail.com', '$2y$10$eTRsaGXo7UfTXmImDfGMSed92bRieteYTkUx91z6ndxsiOCLqiYTm', 1, 'user', '2025-11-28 11:26:08'),
(1294, 'utami_pane99', 'utami_pane99@gmail.com', '$2y$10$eTRsaGXo7UfTXmImDfGMSed92bRieteYTkUx91z6ndxsiOCLqiYTm', 1, 'user', '2026-03-26 11:26:08'),
(1295, 'putri_simbolon218', 'putri_simbolon218@gmail.com', '$2y$10$eTRsaGXo7UfTXmImDfGMSed92bRieteYTkUx91z6ndxsiOCLqiYTm', 1, 'user', '2025-10-19 11:26:08'),
(1296, 'rudi_setiawan264', 'rudi_setiawan264@gmail.com', '$2y$10$eTRsaGXo7UfTXmImDfGMSed92bRieteYTkUx91z6ndxsiOCLqiYTm', 1, 'user', '2026-02-15 11:26:08'),
(1297, 'rina_saputra96', 'rina_saputra96@gmail.com', '$2y$10$eTRsaGXo7UfTXmImDfGMSed92bRieteYTkUx91z6ndxsiOCLqiYTm', 0, 'user', '2025-10-21 11:26:08'),
(1298, 'agus_tanjung160', 'agus_tanjung160@gmail.com', '$2y$10$eTRsaGXo7UfTXmImDfGMSed92bRieteYTkUx91z6ndxsiOCLqiYTm', 1, 'user', '2025-09-16 11:26:08'),
(1299, 'oki_lubis819', 'oki_lubis819@gmail.com', '$2y$10$eTRsaGXo7UfTXmImDfGMSed92bRieteYTkUx91z6ndxsiOCLqiYTm', 1, 'user', '2026-01-30 11:26:08'),
(1300, 'budi_batubara349', 'budi_batubara349@gmail.com', '$2y$10$eTRsaGXo7UfTXmImDfGMSed92bRieteYTkUx91z6ndxsiOCLqiYTm', 1, 'user', '2025-10-19 11:26:08'),
(1301, 'mulyono_simbolon461', 'mulyono_simbolon461@gmail.com', '$2y$10$eTRsaGXo7UfTXmImDfGMSed92bRieteYTkUx91z6ndxsiOCLqiYTm', 1, 'user', '2026-02-16 11:26:08'),
(1302, 'rudi_batubara846', 'rudi_batubara846@gmail.com', '$2y$10$eTRsaGXo7UfTXmImDfGMSed92bRieteYTkUx91z6ndxsiOCLqiYTm', 1, 'user', '2026-05-09 11:26:08'),
(1303, 'ningsih_gunawan464', 'ningsih_gunawan464@gmail.com', '$2y$10$eTRsaGXo7UfTXmImDfGMSed92bRieteYTkUx91z6ndxsiOCLqiYTm', 1, 'user', '2025-07-31 11:26:08'),
(1304, 'agus_batubara529', 'agus_batubara529@gmail.com', '$2y$10$eTRsaGXo7UfTXmImDfGMSed92bRieteYTkUx91z6ndxsiOCLqiYTm', 1, 'user', '2026-04-23 11:26:08'),
(1305, 'wahyu_harahap838', 'wahyu_harahap838@gmail.com', '$2y$10$eTRsaGXo7UfTXmImDfGMSed92bRieteYTkUx91z6ndxsiOCLqiYTm', 1, 'user', '2025-07-15 11:26:08'),
(1306, 'rudi_wibowo604', 'rudi_wibowo604@gmail.com', '$2y$10$eTRsaGXo7UfTXmImDfGMSed92bRieteYTkUx91z6ndxsiOCLqiYTm', 1, 'user', '2026-02-16 11:26:08'),
(1307, 'prabowo_ritonga59', 'prabowo_ritonga59@gmail.com', '$2y$10$eTRsaGXo7UfTXmImDfGMSed92bRieteYTkUx91z6ndxsiOCLqiYTm', 1, 'user', '2025-12-05 11:26:08'),
(1308, 'putra_hartono991', 'putra_hartono991@gmail.com', '$2y$10$eTRsaGXo7UfTXmImDfGMSed92bRieteYTkUx91z6ndxsiOCLqiYTm', 1, 'user', '2025-09-17 11:26:08'),
(1309, 'dwi_simbolon289', 'dwi_simbolon289@gmail.com', '$2y$10$eTRsaGXo7UfTXmImDfGMSed92bRieteYTkUx91z6ndxsiOCLqiYTm', 1, 'user', '2026-04-23 11:26:08'),
(1310, 'sri_hidayat376', 'sri_hidayat376@gmail.com', '$2y$10$eTRsaGXo7UfTXmImDfGMSed92bRieteYTkUx91z6ndxsiOCLqiYTm', 1, 'user', '2025-08-11 11:26:08'),
(1311, 'kartika_kurniawan256', 'kartika_kurniawan256@gmail.com', '$2y$10$eTRsaGXo7UfTXmImDfGMSed92bRieteYTkUx91z6ndxsiOCLqiYTm', 1, 'user', '2025-10-18 11:26:08'),
(1312, 'putra_tanjung165', 'putra_tanjung165@gmail.com', '$2y$10$eTRsaGXo7UfTXmImDfGMSed92bRieteYTkUx91z6ndxsiOCLqiYTm', 1, 'user', '2025-11-06 11:26:08'),
(1313, 'lestari_simbolon640', 'lestari_simbolon640@gmail.com', '$2y$10$eTRsaGXo7UfTXmImDfGMSed92bRieteYTkUx91z6ndxsiOCLqiYTm', 1, 'user', '2025-07-14 11:26:08'),
(1314, 'novi_batubara133', 'novi_batubara133@gmail.com', '$2y$10$eTRsaGXo7UfTXmImDfGMSed92bRieteYTkUx91z6ndxsiOCLqiYTm', 0, 'user', '2026-05-13 11:26:08'),
(1315, 'dwi_hutapea609', 'dwi_hutapea609@gmail.com', '$2y$10$eTRsaGXo7UfTXmImDfGMSed92bRieteYTkUx91z6ndxsiOCLqiYTm', 1, 'user', '2026-01-02 11:26:08'),
(1316, 'fajar_prasetyo687', 'fajar_prasetyo687@gmail.com', '$2y$10$eTRsaGXo7UfTXmImDfGMSed92bRieteYTkUx91z6ndxsiOCLqiYTm', 1, 'user', '2025-11-30 11:26:08'),
(1317, 'dewi_budiman961', 'dewi_budiman961@gmail.com', '$2y$10$eTRsaGXo7UfTXmImDfGMSed92bRieteYTkUx91z6ndxsiOCLqiYTm', 1, 'user', '2025-07-27 11:26:08'),
(1318, 'bambang_susanto964', 'bambang_susanto964@gmail.com', '$2y$10$eTRsaGXo7UfTXmImDfGMSed92bRieteYTkUx91z6ndxsiOCLqiYTm', 1, 'user', '2026-04-02 11:26:08'),
(1319, 'dwi_kurniawan319', 'dwi_kurniawan319@gmail.com', '$2y$10$eTRsaGXo7UfTXmImDfGMSed92bRieteYTkUx91z6ndxsiOCLqiYTm', 1, 'user', '2025-08-30 11:26:08'),
(1320, 'yanto_hartono101', 'yanto_hartono101@gmail.com', '$2y$10$eTRsaGXo7UfTXmImDfGMSed92bRieteYTkUx91z6ndxsiOCLqiYTm', 1, 'user', '2026-04-20 11:26:08'),
(1321, 'rina_nasution565', 'rina_nasution565@gmail.com', '$2y$10$eTRsaGXo7UfTXmImDfGMSed92bRieteYTkUx91z6ndxsiOCLqiYTm', 1, 'user', '2026-01-26 11:26:08'),
(1322, 'slamet_wibowo352', 'slamet_wibowo352@gmail.com', '$2y$10$eTRsaGXo7UfTXmImDfGMSed92bRieteYTkUx91z6ndxsiOCLqiYTm', 1, 'user', '2026-04-12 11:26:08'),
(1323, 'dian_ritonga856', 'dian_ritonga856@gmail.com', '$2y$10$eTRsaGXo7UfTXmImDfGMSed92bRieteYTkUx91z6ndxsiOCLqiYTm', 1, 'user', '2025-11-05 11:26:08'),
(1324, 'budi_pohan455', 'budi_pohan455@gmail.com', '$2y$10$eTRsaGXo7UfTXmImDfGMSed92bRieteYTkUx91z6ndxsiOCLqiYTm', 1, 'user', '2025-11-07 11:26:08'),
(1325, 'joko_nugroho119', 'joko_nugroho119@gmail.com', '$2y$10$eTRsaGXo7UfTXmImDfGMSed92bRieteYTkUx91z6ndxsiOCLqiYTm', 1, 'user', '2026-04-04 11:26:08'),
(1326, 'agus_saputra331', 'agus_saputra331@gmail.com', '$2y$10$eTRsaGXo7UfTXmImDfGMSed92bRieteYTkUx91z6ndxsiOCLqiYTm', 1, 'user', '2026-02-01 11:26:08'),
(1327, 'slamet_sutrisno691', 'slamet_sutrisno691@gmail.com', '$2y$10$eTRsaGXo7UfTXmImDfGMSed92bRieteYTkUx91z6ndxsiOCLqiYTm', 1, 'user', '2025-06-30 11:26:08'),
(1328, 'mega_prasetyo121', 'mega_prasetyo121@gmail.com', '$2y$10$eTRsaGXo7UfTXmImDfGMSed92bRieteYTkUx91z6ndxsiOCLqiYTm', 1, 'user', '2026-02-10 11:26:08'),
(1329, 'novi_wibowo408', 'novi_wibowo408@gmail.com', '$2y$10$eTRsaGXo7UfTXmImDfGMSed92bRieteYTkUx91z6ndxsiOCLqiYTm', 1, 'user', '2025-08-13 11:26:08'),
(1330, 'lilis_harahap43', 'lilis_harahap43@gmail.com', '$2y$10$eTRsaGXo7UfTXmImDfGMSed92bRieteYTkUx91z6ndxsiOCLqiYTm', 1, 'user', '2025-07-29 11:26:08'),
(1331, 'dian_pane535', 'dian_pane535@gmail.com', '$2y$10$eTRsaGXo7UfTXmImDfGMSed92bRieteYTkUx91z6ndxsiOCLqiYTm', 0, 'user', '2025-09-21 11:26:08'),
(1332, 'budi_sitorus309', 'budi_sitorus309@gmail.com', '$2y$10$eTRsaGXo7UfTXmImDfGMSed92bRieteYTkUx91z6ndxsiOCLqiYTm', 1, 'user', '2026-01-28 11:26:08'),
(1333, 'sari_tanjung936', 'sari_tanjung936@gmail.com', '$2y$10$eTRsaGXo7UfTXmImDfGMSed92bRieteYTkUx91z6ndxsiOCLqiYTm', 1, 'user', '2025-09-30 11:26:08'),
(1334, 'dwi_hidayat474', 'dwi_hidayat474@gmail.com', '$2y$10$eTRsaGXo7UfTXmImDfGMSed92bRieteYTkUx91z6ndxsiOCLqiYTm', 1, 'user', '2026-01-23 11:26:08'),
(1335, 'dewi_pane618', 'dewi_pane618@gmail.com', '$2y$10$eTRsaGXo7UfTXmImDfGMSed92bRieteYTkUx91z6ndxsiOCLqiYTm', 1, 'user', '2025-07-10 11:26:08'),
(1336, 'kartika_harahap624', 'kartika_harahap624@gmail.com', '$2y$10$eTRsaGXo7UfTXmImDfGMSed92bRieteYTkUx91z6ndxsiOCLqiYTm', 0, 'user', '2026-01-29 11:26:08'),
(1337, 'dwi_tampubolon566', 'dwi_tampubolon566@gmail.com', '$2y$10$eTRsaGXo7UfTXmImDfGMSed92bRieteYTkUx91z6ndxsiOCLqiYTm', 0, 'user', '2025-10-03 11:26:08'),
(1338, 'rina_prasetyo224', 'rina_prasetyo224@gmail.com', '$2y$10$eTRsaGXo7UfTXmImDfGMSed92bRieteYTkUx91z6ndxsiOCLqiYTm', 1, 'user', '2025-12-13 11:26:08'),
(1339, 'bayu_hartono454', 'bayu_hartono454@gmail.com', '$2y$10$eTRsaGXo7UfTXmImDfGMSed92bRieteYTkUx91z6ndxsiOCLqiYTm', 1, 'user', '2026-01-03 11:26:08'),
(1340, 'supardi_siregar722', 'supardi_siregar722@gmail.com', '$2y$10$eTRsaGXo7UfTXmImDfGMSed92bRieteYTkUx91z6ndxsiOCLqiYTm', 1, 'user', '2025-11-29 11:26:08'),
(1341, 'fajar_ritonga366', 'fajar_ritonga366@gmail.com', '$2y$10$eTRsaGXo7UfTXmImDfGMSed92bRieteYTkUx91z6ndxsiOCLqiYTm', 1, 'user', '2025-10-11 11:26:08'),
(1342, 'tono_pane499', 'tono_pane499@gmail.com', '$2y$10$eTRsaGXo7UfTXmImDfGMSed92bRieteYTkUx91z6ndxsiOCLqiYTm', 1, 'user', '2025-12-12 11:26:08'),
(1343, 'siti_nugroho758', 'siti_nugroho758@gmail.com', '$2y$10$eTRsaGXo7UfTXmImDfGMSed92bRieteYTkUx91z6ndxsiOCLqiYTm', 1, 'user', '2026-03-13 11:26:08'),
(1344, 'tri_wibowo786', 'tri_wibowo786@gmail.com', '$2y$10$eTRsaGXo7UfTXmImDfGMSed92bRieteYTkUx91z6ndxsiOCLqiYTm', 1, 'user', '2025-07-21 11:26:08'),
(1345, 'dewi_wibowo658', 'dewi_wibowo658@gmail.com', '$2y$10$eTRsaGXo7UfTXmImDfGMSed92bRieteYTkUx91z6ndxsiOCLqiYTm', 1, 'user', '2026-04-11 11:26:08'),
(1346, 'zainal_susanto180', 'zainal_susanto180@gmail.com', '$2y$10$eTRsaGXo7UfTXmImDfGMSed92bRieteYTkUx91z6ndxsiOCLqiYTm', 1, 'user', '2026-03-13 11:26:08'),
(1347, 'slamet_hutapea532', 'slamet_hutapea532@gmail.com', '$2y$10$eTRsaGXo7UfTXmImDfGMSed92bRieteYTkUx91z6ndxsiOCLqiYTm', 1, 'user', '2025-11-12 11:26:08'),
(1348, 'budi_ritonga607', 'budi_ritonga607@gmail.com', '$2y$10$eTRsaGXo7UfTXmImDfGMSed92bRieteYTkUx91z6ndxsiOCLqiYTm', 1, 'user', '2025-11-10 11:26:08'),
(1349, 'yuni_budiman455', 'yuni_budiman455@gmail.com', '$2y$10$eTRsaGXo7UfTXmImDfGMSed92bRieteYTkUx91z6ndxsiOCLqiYTm', 1, 'user', '2025-07-27 11:26:08'),
(1350, 'dewi_gunawan862', 'dewi_gunawan862@gmail.com', '$2y$10$eTRsaGXo7UfTXmImDfGMSed92bRieteYTkUx91z6ndxsiOCLqiYTm', 0, 'user', '2026-04-02 11:26:08'),
(1351, 'eko_susanto414', 'eko_susanto414@gmail.com', '$2y$10$eTRsaGXo7UfTXmImDfGMSed92bRieteYTkUx91z6ndxsiOCLqiYTm', 0, 'user', '2025-12-14 11:26:08'),
(1352, 'yuni_wijaya396', 'yuni_wijaya396@gmail.com', '$2y$10$eTRsaGXo7UfTXmImDfGMSed92bRieteYTkUx91z6ndxsiOCLqiYTm', 1, 'user', '2026-03-18 11:26:08'),
(1353, 'aditya_wibowo701', 'aditya_wibowo701@gmail.com', '$2y$10$eTRsaGXo7UfTXmImDfGMSed92bRieteYTkUx91z6ndxsiOCLqiYTm', 1, 'user', '2025-10-29 11:26:08'),
(1354, 'sri_wijaya767', 'sri_wijaya767@gmail.com', '$2y$10$eTRsaGXo7UfTXmImDfGMSed92bRieteYTkUx91z6ndxsiOCLqiYTm', 0, 'user', '2025-07-06 11:26:08'),
(1355, 'kartika_hutapea229', 'kartika_hutapea229@gmail.com', '$2y$10$eTRsaGXo7UfTXmImDfGMSed92bRieteYTkUx91z6ndxsiOCLqiYTm', 1, 'user', '2025-08-11 11:26:08'),
(1356, 'putra_tampubolon122', 'putra_tampubolon122@gmail.com', '$2y$10$eTRsaGXo7UfTXmImDfGMSed92bRieteYTkUx91z6ndxsiOCLqiYTm', 0, 'user', '2026-01-04 11:26:08'),
(1357, 'mulyono_setiawan952', 'mulyono_setiawan952@gmail.com', '$2y$10$eTRsaGXo7UfTXmImDfGMSed92bRieteYTkUx91z6ndxsiOCLqiYTm', 1, 'user', '2025-11-06 11:26:08'),
(1358, 'putri_simanjuntak383', 'putri_simanjuntak383@gmail.com', '$2y$10$eTRsaGXo7UfTXmImDfGMSed92bRieteYTkUx91z6ndxsiOCLqiYTm', 1, 'user', '2026-05-27 11:26:08'),
(1359, 'slamet_hidayat267', 'slamet_hidayat267@gmail.com', '$2y$10$eTRsaGXo7UfTXmImDfGMSed92bRieteYTkUx91z6ndxsiOCLqiYTm', 0, 'user', '2026-04-01 11:26:08'),
(1360, 'rina_susanto739', 'rina_susanto739@gmail.com', '$2y$10$eTRsaGXo7UfTXmImDfGMSed92bRieteYTkUx91z6ndxsiOCLqiYTm', 0, 'user', '2026-03-12 11:26:08'),
(1361, 'aditya_wibowo602', 'aditya_wibowo602@gmail.com', '$2y$10$eTRsaGXo7UfTXmImDfGMSed92bRieteYTkUx91z6ndxsiOCLqiYTm', 1, 'user', '2026-04-01 11:26:08'),
(1362, 'yuni_prasetyo909', 'yuni_prasetyo909@gmail.com', '$2y$10$eTRsaGXo7UfTXmImDfGMSed92bRieteYTkUx91z6ndxsiOCLqiYTm', 1, 'user', '2026-01-05 11:26:08'),
(1363, 'utami_setiawan99', 'utami_setiawan99@gmail.com', '$2y$10$eTRsaGXo7UfTXmImDfGMSed92bRieteYTkUx91z6ndxsiOCLqiYTm', 1, 'user', '2026-04-08 11:26:08'),
(1364, 'prabowo_pane181', 'prabowo_pane181@gmail.com', '$2y$10$eTRsaGXo7UfTXmImDfGMSed92bRieteYTkUx91z6ndxsiOCLqiYTm', 0, 'user', '2025-09-20 11:26:08'),
(1365, 'wahyu_lubis597', 'wahyu_lubis597@gmail.com', '$2y$10$eTRsaGXo7UfTXmImDfGMSed92bRieteYTkUx91z6ndxsiOCLqiYTm', 1, 'user', '2026-02-16 11:26:08'),
(1366, 'hendra_harahap447', 'hendra_harahap447@gmail.com', '$2y$10$eTRsaGXo7UfTXmImDfGMSed92bRieteYTkUx91z6ndxsiOCLqiYTm', 1, 'user', '2025-12-24 11:26:08'),
(1367, 'utami_hutapea473', 'utami_hutapea473@gmail.com', '$2y$10$eTRsaGXo7UfTXmImDfGMSed92bRieteYTkUx91z6ndxsiOCLqiYTm', 0, 'user', '2025-06-28 11:26:08'),
(1368, 'utami_suryadi383', 'utami_suryadi383@gmail.com', '$2y$10$eTRsaGXo7UfTXmImDfGMSed92bRieteYTkUx91z6ndxsiOCLqiYTm', 1, 'user', '2026-05-03 11:26:08'),
(1369, 'zainal_santoso566', 'zainal_santoso566@gmail.com', '$2y$10$eTRsaGXo7UfTXmImDfGMSed92bRieteYTkUx91z6ndxsiOCLqiYTm', 1, 'user', '2025-12-13 11:26:08'),
(1370, 'indah_setiawan15', 'indah_setiawan15@gmail.com', '$2y$10$eTRsaGXo7UfTXmImDfGMSed92bRieteYTkUx91z6ndxsiOCLqiYTm', 1, 'user', '2026-01-13 11:26:08'),
(1371, 'bayu_pane192', 'bayu_pane192@gmail.com', '$2y$10$eTRsaGXo7UfTXmImDfGMSed92bRieteYTkUx91z6ndxsiOCLqiYTm', 1, 'user', '2026-03-11 11:26:08'),
(1372, 'supardi_lubis810', 'supardi_lubis810@gmail.com', '$2y$10$eTRsaGXo7UfTXmImDfGMSed92bRieteYTkUx91z6ndxsiOCLqiYTm', 1, 'user', '2026-01-02 11:26:08'),
(1373, 'indah_wijaya326', 'indah_wijaya326@gmail.com', '$2y$10$eTRsaGXo7UfTXmImDfGMSed92bRieteYTkUx91z6ndxsiOCLqiYTm', 1, 'user', '2026-01-12 11:26:08'),
(1374, 'supardi_simanjuntak200', 'supardi_simanjuntak200@gmail.com', '$2y$10$eTRsaGXo7UfTXmImDfGMSed92bRieteYTkUx91z6ndxsiOCLqiYTm', 1, 'user', '2025-08-14 11:26:08'),
(1375, 'agus_setiawan996', 'agus_setiawan996@gmail.com', '$2y$10$eTRsaGXo7UfTXmImDfGMSed92bRieteYTkUx91z6ndxsiOCLqiYTm', 1, 'user', '2026-06-01 11:26:08'),
(1376, 'bambang_harahap159', 'bambang_harahap159@gmail.com', '$2y$10$eTRsaGXo7UfTXmImDfGMSed92bRieteYTkUx91z6ndxsiOCLqiYTm', 1, 'user', '2025-09-02 11:26:08'),
(1377, 'yanto_lubis311', 'yanto_lubis311@gmail.com', '$2y$10$eTRsaGXo7UfTXmImDfGMSed92bRieteYTkUx91z6ndxsiOCLqiYTm', 1, 'user', '2026-03-14 11:26:08'),
(1378, 'dewi_budiman707', 'dewi_budiman707@gmail.com', '$2y$10$eTRsaGXo7UfTXmImDfGMSed92bRieteYTkUx91z6ndxsiOCLqiYTm', 1, 'user', '2026-02-09 11:26:08'),
(1379, 'oki_simbolon726', 'oki_simbolon726@gmail.com', '$2y$10$eTRsaGXo7UfTXmImDfGMSed92bRieteYTkUx91z6ndxsiOCLqiYTm', 1, 'user', '2026-05-05 11:26:08'),
(1380, 'supardi_budiman659', 'supardi_budiman659@gmail.com', '$2y$10$eTRsaGXo7UfTXmImDfGMSed92bRieteYTkUx91z6ndxsiOCLqiYTm', 1, 'user', '2026-05-04 11:26:08'),
(1381, 'novi_wibowo269', 'novi_wibowo269@gmail.com', '$2y$10$eTRsaGXo7UfTXmImDfGMSed92bRieteYTkUx91z6ndxsiOCLqiYTm', 0, 'user', '2025-12-14 11:26:08'),
(1382, 'novi_wijaya617', 'novi_wijaya617@gmail.com', '$2y$10$eTRsaGXo7UfTXmImDfGMSed92bRieteYTkUx91z6ndxsiOCLqiYTm', 1, 'user', '2026-01-06 11:26:08'),
(1383, 'hendra_siregar214', 'hendra_siregar214@gmail.com', '$2y$10$eTRsaGXo7UfTXmImDfGMSed92bRieteYTkUx91z6ndxsiOCLqiYTm', 1, 'user', '2025-11-04 11:26:08'),
(1384, 'candra_susanto300', 'candra_susanto300@gmail.com', '$2y$10$eTRsaGXo7UfTXmImDfGMSed92bRieteYTkUx91z6ndxsiOCLqiYTm', 1, 'user', '2025-08-17 11:26:08'),
(1385, 'dwi_simbolon647', 'dwi_simbolon647@gmail.com', '$2y$10$eTRsaGXo7UfTXmImDfGMSed92bRieteYTkUx91z6ndxsiOCLqiYTm', 1, 'user', '2026-04-23 11:26:08'),
(1386, 'supardi_hartono137', 'supardi_hartono137@gmail.com', '$2y$10$eTRsaGXo7UfTXmImDfGMSed92bRieteYTkUx91z6ndxsiOCLqiYTm', 1, 'user', '2025-12-19 11:26:08'),
(1387, 'candra_hidayat169', 'candra_hidayat169@gmail.com', '$2y$10$eTRsaGXo7UfTXmImDfGMSed92bRieteYTkUx91z6ndxsiOCLqiYTm', 0, 'user', '2026-02-24 11:26:08'),
(1388, 'dian_prasetyo185', 'dian_prasetyo185@gmail.com', '$2y$10$eTRsaGXo7UfTXmImDfGMSed92bRieteYTkUx91z6ndxsiOCLqiYTm', 1, 'user', '2026-03-14 11:26:08'),
(1389, 'yuni_suryadi693', 'yuni_suryadi693@gmail.com', '$2y$10$eTRsaGXo7UfTXmImDfGMSed92bRieteYTkUx91z6ndxsiOCLqiYTm', 1, 'user', '2025-09-03 11:26:08'),
(1390, 'yanto_hartono296', 'yanto_hartono296@gmail.com', '$2y$10$eTRsaGXo7UfTXmImDfGMSed92bRieteYTkUx91z6ndxsiOCLqiYTm', 1, 'user', '2025-10-24 11:26:08'),
(1391, 'hadi_simanjuntak182', 'hadi_simanjuntak182@gmail.com', '$2y$10$eTRsaGXo7UfTXmImDfGMSed92bRieteYTkUx91z6ndxsiOCLqiYTm', 1, 'user', '2025-12-01 11:26:08'),
(1392, 'supardi_setiawan308', 'supardi_setiawan308@gmail.com', '$2y$10$eTRsaGXo7UfTXmImDfGMSed92bRieteYTkUx91z6ndxsiOCLqiYTm', 1, 'user', '2025-12-17 11:26:08'),
(1393, 'rina_pohan476', 'rina_pohan476@gmail.com', '$2y$10$eTRsaGXo7UfTXmImDfGMSed92bRieteYTkUx91z6ndxsiOCLqiYTm', 1, 'user', '2026-04-20 11:26:08'),
(1394, 'dewi_setiawan387', 'dewi_setiawan387@gmail.com', '$2y$10$eTRsaGXo7UfTXmImDfGMSed92bRieteYTkUx91z6ndxsiOCLqiYTm', 1, 'user', '2026-04-08 11:26:08'),
(1395, 'rudi_siregar229', 'rudi_siregar229@gmail.com', '$2y$10$eTRsaGXo7UfTXmImDfGMSed92bRieteYTkUx91z6ndxsiOCLqiYTm', 1, 'user', '2025-10-14 11:26:08'),
(1396, 'supardi_sitorus638', 'supardi_sitorus638@gmail.com', '$2y$10$eTRsaGXo7UfTXmImDfGMSed92bRieteYTkUx91z6ndxsiOCLqiYTm', 1, 'user', '2025-09-28 11:26:08'),
(1397, 'ningsih_nasution708', 'ningsih_nasution708@gmail.com', '$2y$10$eTRsaGXo7UfTXmImDfGMSed92bRieteYTkUx91z6ndxsiOCLqiYTm', 0, 'user', '2025-11-14 11:26:08'),
(1398, 'tri_batubara116', 'tri_batubara116@gmail.com', '$2y$10$eTRsaGXo7UfTXmImDfGMSed92bRieteYTkUx91z6ndxsiOCLqiYTm', 1, 'user', '2025-10-09 11:26:08'),
(1399, 'dewi_saputra675', 'dewi_saputra675@gmail.com', '$2y$10$eTRsaGXo7UfTXmImDfGMSed92bRieteYTkUx91z6ndxsiOCLqiYTm', 1, 'user', '2026-03-30 11:26:08'),
(1400, 'lestari_saputra655', 'lestari_saputra655@gmail.com', '$2y$10$eTRsaGXo7UfTXmImDfGMSed92bRieteYTkUx91z6ndxsiOCLqiYTm', 1, 'user', '2025-09-18 11:26:08'),
(1401, 'bayu_harahap59', 'bayu_harahap59@gmail.com', '$2y$10$eTRsaGXo7UfTXmImDfGMSed92bRieteYTkUx91z6ndxsiOCLqiYTm', 1, 'user', '2026-05-25 11:26:08'),
(1402, 'dwi_lubis528', 'dwi_lubis528@gmail.com', '$2y$10$eTRsaGXo7UfTXmImDfGMSed92bRieteYTkUx91z6ndxsiOCLqiYTm', 1, 'user', '2026-03-01 11:26:08'),
(1403, 'supardi_lubis475', 'supardi_lubis475@gmail.com', '$2y$10$eTRsaGXo7UfTXmImDfGMSed92bRieteYTkUx91z6ndxsiOCLqiYTm', 1, 'user', '2025-10-24 11:26:08'),
(1404, 'aditya_batubara656', 'aditya_batubara656@gmail.com', '$2y$10$eTRsaGXo7UfTXmImDfGMSed92bRieteYTkUx91z6ndxsiOCLqiYTm', 1, 'user', '2025-12-21 11:26:08'),
(1405, 'indah_budiman121', 'indah_budiman121@gmail.com', '$2y$10$eTRsaGXo7UfTXmImDfGMSed92bRieteYTkUx91z6ndxsiOCLqiYTm', 0, 'user', '2025-12-18 11:26:08'),
(1406, 'prabowo_daulay266', 'prabowo_daulay266@gmail.com', '$2y$10$eTRsaGXo7UfTXmImDfGMSed92bRieteYTkUx91z6ndxsiOCLqiYTm', 0, 'user', '2026-01-05 11:26:08'),
(1407, 'novi_harahap818', 'novi_harahap818@gmail.com', '$2y$10$eTRsaGXo7UfTXmImDfGMSed92bRieteYTkUx91z6ndxsiOCLqiYTm', 0, 'user', '2025-11-29 11:26:08'),
(1408, 'putra_sutrisno93', 'putra_sutrisno93@gmail.com', '$2y$10$eTRsaGXo7UfTXmImDfGMSed92bRieteYTkUx91z6ndxsiOCLqiYTm', 1, 'user', '2026-01-18 11:26:08'),
(1409, 'bambang_harahap443', 'bambang_harahap443@gmail.com', '$2y$10$eTRsaGXo7UfTXmImDfGMSed92bRieteYTkUx91z6ndxsiOCLqiYTm', 1, 'user', '2025-08-10 11:26:08'),
(1410, 'prabowo_lubis462', 'prabowo_lubis462@gmail.com', '$2y$10$eTRsaGXo7UfTXmImDfGMSed92bRieteYTkUx91z6ndxsiOCLqiYTm', 1, 'user', '2025-07-13 11:26:08'),
(1411, 'bayu_harahap670', 'bayu_harahap670@gmail.com', '$2y$10$eTRsaGXo7UfTXmImDfGMSed92bRieteYTkUx91z6ndxsiOCLqiYTm', 1, 'user', '2025-08-29 11:26:08'),
(1412, 'supardi_kurniawan831', 'supardi_kurniawan831@gmail.com', '$2y$10$eTRsaGXo7UfTXmImDfGMSed92bRieteYTkUx91z6ndxsiOCLqiYTm', 1, 'user', '2026-01-05 11:26:08'),
(1413, 'ningsih_wibowo456', 'ningsih_wibowo456@gmail.com', '$2y$10$eTRsaGXo7UfTXmImDfGMSed92bRieteYTkUx91z6ndxsiOCLqiYTm', 1, 'user', '2025-06-30 11:26:08'),
(1414, 'lilis_simbolon454', 'lilis_simbolon454@gmail.com', '$2y$10$eTRsaGXo7UfTXmImDfGMSed92bRieteYTkUx91z6ndxsiOCLqiYTm', 1, 'user', '2025-07-21 11:26:08'),
(1415, 'sari_tampubolon508', 'sari_tampubolon508@gmail.com', '$2y$10$eTRsaGXo7UfTXmImDfGMSed92bRieteYTkUx91z6ndxsiOCLqiYTm', 1, 'user', '2025-12-08 11:26:08'),
(1416, 'ningsih_tanjung700', 'ningsih_tanjung700@gmail.com', '$2y$10$eTRsaGXo7UfTXmImDfGMSed92bRieteYTkUx91z6ndxsiOCLqiYTm', 0, 'user', '2026-05-04 11:26:08'),
(1417, 'bambang_budiman700', 'bambang_budiman700@gmail.com', '$2y$10$eTRsaGXo7UfTXmImDfGMSed92bRieteYTkUx91z6ndxsiOCLqiYTm', 1, 'user', '2025-09-11 11:26:08'),
(1418, 'sari_susanto457', 'sari_susanto457@gmail.com', '$2y$10$eTRsaGXo7UfTXmImDfGMSed92bRieteYTkUx91z6ndxsiOCLqiYTm', 1, 'user', '2025-09-25 11:26:08'),
(1419, 'mega_sutrisno153', 'mega_sutrisno153@gmail.com', '$2y$10$eTRsaGXo7UfTXmImDfGMSed92bRieteYTkUx91z6ndxsiOCLqiYTm', 1, 'user', '2025-12-03 11:26:08'),
(1420, 'oki_siregar167', 'oki_siregar167@gmail.com', '$2y$10$eTRsaGXo7UfTXmImDfGMSed92bRieteYTkUx91z6ndxsiOCLqiYTm', 1, 'user', '2025-07-03 11:26:08'),
(1421, 'novi_siregar882', 'novi_siregar882@gmail.com', '$2y$10$eTRsaGXo7UfTXmImDfGMSed92bRieteYTkUx91z6ndxsiOCLqiYTm', 1, 'user', '2025-10-26 11:26:08'),
(1422, 'dewi_kurniawan774', 'dewi_kurniawan774@gmail.com', '$2y$10$eTRsaGXo7UfTXmImDfGMSed92bRieteYTkUx91z6ndxsiOCLqiYTm', 1, 'user', '2025-07-29 11:26:08'),
(1423, 'dwi_nugroho998', 'dwi_nugroho998@gmail.com', '$2y$10$eTRsaGXo7UfTXmImDfGMSed92bRieteYTkUx91z6ndxsiOCLqiYTm', 0, 'user', '2025-10-21 11:26:08'),
(1424, 'bambang_budiman116', 'bambang_budiman116@gmail.com', '$2y$10$eTRsaGXo7UfTXmImDfGMSed92bRieteYTkUx91z6ndxsiOCLqiYTm', 1, 'user', '2025-11-27 11:26:08'),
(1425, 'hendra_nasution81', 'hendra_nasution81@gmail.com', '$2y$10$eTRsaGXo7UfTXmImDfGMSed92bRieteYTkUx91z6ndxsiOCLqiYTm', 1, 'user', '2025-11-04 11:26:08'),
(1426, 'bambang_santoso320', 'bambang_santoso320@gmail.com', '$2y$10$eTRsaGXo7UfTXmImDfGMSed92bRieteYTkUx91z6ndxsiOCLqiYTm', 1, 'user', '2025-08-15 11:26:08'),
(1427, 'rudi_setiawan733', 'rudi_setiawan733@gmail.com', '$2y$10$eTRsaGXo7UfTXmImDfGMSed92bRieteYTkUx91z6ndxsiOCLqiYTm', 1, 'user', '2025-10-03 11:26:08');

INSERT INTO `transactions` (`id`, `user_id`, `motorcycle_id`, `quantity`, `type`, `payment_status`, `status`, `transaction_date`) VALUES (1000, 1023, 43, 1, 'buy', 'paid', 'confirmed', '2025-12-06 11:26:08'),
(1001, 1048, 93, 1, 'buy', 'paid', 'confirmed', '2026-02-10 11:26:08'),
(1002, 1093, 9, 1, 'buy', 'paid', 'confirmed', '2026-03-21 11:26:08'),
(1003, 1037, 51, 1, 'booking', 'paid', 'confirmed', '2026-01-07 11:26:08'),
(1004, 1213, 43, 1, 'buy', 'paid', 'confirmed', '2026-04-06 11:26:08'),
(1005, 1319, 54, 1, 'buy', 'refunded', 'cancelled', '2026-06-18 11:26:08'),
(1006, 1403, 14, 1, 'buy', 'unpaid', 'pending', '2026-05-02 11:26:08'),
(1007, 1093, 98, 1, 'buy', 'pending_verification', 'pending', '2025-11-22 11:26:08'),
(1008, 1228, 50, 1, 'buy', 'paid', 'confirmed', '2025-11-05 11:26:08'),
(1009, 1204, 5, 1, 'buy', 'paid', 'confirmed', '2026-02-07 11:26:08'),
(1010, 1346, 101, 1, 'buy', 'unpaid', 'pending', '2025-09-16 11:26:08'),
(1011, 1111, 18, 1, 'buy', 'paid', 'confirmed', '2025-10-11 11:26:08'),
(1012, 1167, 86, 1, 'buy', 'paid', 'confirmed', '2026-03-17 11:26:08'),
(1013, 1209, 28, 1, 'buy', 'paid', 'confirmed', '2025-10-06 11:26:08'),
(1014, 1123, 35, 1, 'booking', 'paid', 'confirmed', '2026-01-22 11:26:08'),
(1015, 1028, 91, 1, 'buy', 'unpaid', 'pending', '2026-01-21 11:26:08'),
(1016, 1002, 50, 1, 'buy', 'unpaid', 'pending', '2026-04-09 11:26:08'),
(1017, 1116, 80, 1, 'buy', 'paid', 'confirmed', '2025-08-17 11:26:08'),
(1018, 1396, 65, 1, 'buy', 'unpaid', 'cancelled', '2025-07-18 11:26:08'),
(1019, 1188, 14, 1, 'buy', 'paid', 'confirmed', '2025-07-18 11:26:08'),
(1020, 1040, 79, 1, 'booking', 'paid', 'confirmed', '2025-10-31 11:26:08'),
(1021, 1023, 79, 1, 'booking', 'paid', 'confirmed', '2025-08-20 11:26:08'),
(1022, 1148, 87, 1, 'booking', 'pending_verification', 'pending', '2025-08-06 11:26:08'),
(1023, 1144, 36, 1, 'buy', 'paid', 'confirmed', '2026-04-02 11:26:08'),
(1024, 1356, 13, 2, 'buy', 'paid', 'confirmed', '2025-07-23 11:26:08'),
(1025, 1177, 41, 1, 'booking', 'refunded', 'cancelled', '2026-02-28 11:26:08'),
(1026, 1288, 47, 2, 'buy', 'paid', 'confirmed', '2026-03-13 11:26:08'),
(1027, 1426, 80, 1, 'booking', 'pending_verification', 'pending', '2026-06-08 11:26:08'),
(1028, 1282, 51, 1, 'buy', 'paid', 'confirmed', '2026-06-14 11:26:08'),
(1029, 1084, 73, 1, 'booking', 'paid', 'confirmed', '2025-09-12 11:26:08'),
(1030, 1045, 35, 1, 'booking', 'paid', 'confirmed', '2026-04-02 11:26:08'),
(1031, 1163, 85, 1, 'buy', 'paid', 'confirmed', '2026-03-24 11:26:08'),
(1032, 1312, 58, 1, 'buy', 'paid', 'confirmed', '2025-07-09 11:26:08'),
(1033, 1326, 85, 1, 'booking', 'paid', 'confirmed', '2025-12-11 11:26:08'),
(1034, 1052, 93, 1, 'buy', 'paid', 'confirmed', '2026-04-01 11:26:08'),
(1035, 1351, 33, 1, 'buy', 'paid', 'confirmed', '2026-01-19 11:26:08'),
(1036, 1225, 32, 1, 'buy', 'paid', 'confirmed', '2026-04-17 11:26:08'),
(1037, 1119, 22, 1, 'buy', 'paid', 'confirmed', '2025-10-09 11:26:08'),
(1038, 1168, 68, 1, 'booking', 'paid', 'confirmed', '2025-12-09 11:26:08'),
(1039, 1321, 21, 1, 'buy', 'paid', 'confirmed', '2026-06-14 11:26:08'),
(1040, 1053, 58, 2, 'buy', 'paid', 'confirmed', '2026-06-21 11:26:08'),
(1041, 1361, 28, 2, 'buy', 'paid', 'confirmed', '2026-01-07 11:26:08'),
(1042, 1350, 72, 2, 'booking', 'paid', 'confirmed', '2025-12-17 11:26:08'),
(1043, 1100, 56, 1, 'buy', 'paid', 'confirmed', '2026-01-16 11:26:08'),
(1044, 1356, 55, 1, 'buy', 'refunded', 'cancelled', '2026-02-11 11:26:08'),
(1045, 1152, 30, 1, 'buy', 'paid', 'confirmed', '2025-09-26 11:26:08'),
(1046, 1225, 89, 1, 'buy', 'paid', 'confirmed', '2026-06-19 11:26:08'),
(1047, 1321, 75, 1, 'buy', 'paid', 'confirmed', '2026-05-03 11:26:08'),
(1048, 1395, 70, 1, 'buy', 'paid', 'confirmed', '2026-03-08 11:26:08'),
(1049, 1066, 103, 1, 'buy', 'paid', 'confirmed', '2025-09-22 11:26:08'),
(1050, 1043, 45, 1, 'booking', 'paid', 'confirmed', '2025-09-16 11:26:08'),
(1051, 1337, 10, 1, 'buy', 'paid', 'confirmed', '2026-05-03 11:26:08'),
(1052, 1400, 55, 1, 'buy', 'paid', 'confirmed', '2026-03-10 11:26:08'),
(1053, 1120, 11, 1, 'buy', 'paid', 'confirmed', '2026-05-04 11:26:08'),
(1054, 1071, 6, 1, 'buy', 'paid', 'confirmed', '2025-09-23 11:26:08'),
(1055, 1043, 53, 1, 'buy', 'paid', 'confirmed', '2026-05-13 11:26:08'),
(1056, 1191, 83, 1, 'buy', 'paid', 'confirmed', '2026-01-09 11:26:08'),
(1057, 1305, 50, 1, 'buy', 'paid', 'confirmed', '2026-05-04 11:26:08'),
(1058, 1014, 21, 1, 'buy', 'paid', 'confirmed', '2025-12-04 11:26:08'),
(1059, 1391, 66, 1, 'buy', 'paid', 'confirmed', '2025-11-10 11:26:08'),
(1060, 1425, 35, 2, 'buy', 'paid', 'confirmed', '2026-05-17 11:26:08'),
(1061, 1196, 90, 1, 'booking', 'paid', 'confirmed', '2026-03-10 11:26:08'),
(1062, 1047, 57, 1, 'buy', 'paid', 'confirmed', '2025-09-20 11:26:08'),
(1063, 1270, 103, 1, 'booking', 'refunded', 'cancelled', '2026-01-08 11:26:08'),
(1064, 1269, 77, 1, 'buy', 'paid', 'confirmed', '2025-11-07 11:26:08'),
(1065, 1263, 16, 1, 'buy', 'paid', 'confirmed', '2026-05-16 11:26:08'),
(1066, 1059, 13, 1, 'buy', 'paid', 'confirmed', '2026-05-01 11:26:08'),
(1067, 1198, 7, 1, 'buy', 'paid', 'confirmed', '2025-08-23 11:26:08'),
(1068, 1302, 79, 1, 'buy', 'paid', 'confirmed', '2025-08-21 11:26:08'),
(1069, 1251, 1, 1, 'buy', 'unpaid', 'pending', '2026-01-29 11:26:08'),
(1070, 1367, 35, 1, 'buy', 'paid', 'confirmed', '2026-01-07 11:26:08'),
(1071, 1372, 15, 1, 'booking', 'paid', 'confirmed', '2026-02-23 11:26:08'),
(1072, 1026, 7, 2, 'booking', 'paid', 'confirmed', '2026-01-13 11:26:08'),
(1073, 1238, 75, 2, 'buy', 'pending_verification', 'pending', '2025-09-27 11:26:08'),
(1074, 1119, 32, 1, 'buy', 'unpaid', 'pending', '2025-07-10 11:26:08'),
(1075, 1347, 50, 1, 'buy', 'paid', 'confirmed', '2026-06-05 11:26:08'),
(1076, 1127, 35, 1, 'booking', 'paid', 'confirmed', '2026-03-02 11:26:08'),
(1077, 1198, 14, 1, 'booking', 'paid', 'confirmed', '2026-05-12 11:26:08'),
(1078, 1113, 48, 1, 'booking', 'paid', 'confirmed', '2026-01-17 11:26:08'),
(1079, 1386, 18, 2, 'buy', 'refunded', 'cancelled', '2025-09-25 11:26:08'),
(1080, 1060, 80, 2, 'booking', 'paid', 'confirmed', '2026-02-28 11:26:08'),
(1081, 1170, 63, 1, 'booking', 'paid', 'confirmed', '2025-10-06 11:26:08'),
(1082, 1179, 61, 1, 'buy', 'paid', 'confirmed', '2026-04-11 11:26:08'),
(1083, 1345, 91, 1, 'buy', 'paid', 'confirmed', '2025-11-24 11:26:08'),
(1084, 1373, 4, 1, 'buy', 'unpaid', 'pending', '2026-06-15 11:26:08'),
(1085, 1368, 4, 2, 'buy', 'unpaid', 'pending', '2026-05-02 11:26:08'),
(1086, 1043, 99, 1, 'buy', 'paid', 'confirmed', '2025-12-12 11:26:08'),
(1087, 1330, 17, 1, 'buy', 'unpaid', 'pending', '2025-07-23 11:26:08'),
(1088, 1206, 103, 1, 'buy', 'paid', 'confirmed', '2026-06-09 11:26:08'),
(1089, 1308, 53, 1, 'buy', 'refunded', 'cancelled', '2025-07-30 11:26:08'),
(1090, 1414, 81, 1, 'booking', 'paid', 'confirmed', '2026-06-08 11:26:08'),
(1091, 1169, 6, 1, 'buy', 'paid', 'confirmed', '2025-11-27 11:26:08'),
(1092, 1053, 53, 2, 'buy', 'paid', 'confirmed', '2025-08-16 11:26:08'),
(1093, 1139, 58, 1, 'buy', 'paid', 'confirmed', '2025-11-19 11:26:08'),
(1094, 1381, 48, 1, 'buy', 'unpaid', 'cancelled', '2025-08-07 11:26:08'),
(1095, 1111, 28, 1, 'buy', 'paid', 'confirmed', '2026-05-13 11:26:08'),
(1096, 1252, 34, 1, 'buy', 'paid', 'confirmed', '2026-01-23 11:26:08'),
(1097, 1097, 58, 1, 'buy', 'paid', 'confirmed', '2026-05-13 11:26:08'),
(1098, 1130, 47, 1, 'booking', 'paid', 'confirmed', '2025-12-16 11:26:08'),
(1099, 1115, 30, 1, 'booking', 'unpaid', 'pending', '2025-08-03 11:26:08'),
(1100, 1022, 38, 1, 'booking', 'paid', 'confirmed', '2025-11-23 11:26:08'),
(1101, 1066, 67, 1, 'buy', 'paid', 'confirmed', '2026-03-25 11:26:08'),
(1102, 1285, 102, 1, 'buy', 'paid', 'confirmed', '2025-09-13 11:26:08'),
(1103, 1333, 52, 1, 'buy', 'unpaid', 'cancelled', '2026-05-31 11:26:08'),
(1104, 1149, 93, 1, 'buy', 'paid', 'confirmed', '2026-06-10 11:26:08'),
(1105, 1159, 71, 1, 'buy', 'paid', 'confirmed', '2025-11-02 11:26:08'),
(1106, 1032, 38, 1, 'buy', 'paid', 'confirmed', '2026-03-18 11:26:08'),
(1107, 1035, 39, 2, 'buy', 'paid', 'confirmed', '2025-07-21 11:26:08'),
(1108, 1160, 4, 2, 'booking', 'paid', 'confirmed', '2025-09-21 11:26:08'),
(1109, 1118, 56, 1, 'buy', 'paid', 'confirmed', '2026-01-13 11:26:08'),
(1110, 1161, 68, 1, 'buy', 'pending_verification', 'pending', '2026-02-24 11:26:08'),
(1111, 1191, 78, 1, 'booking', 'paid', 'confirmed', '2025-07-10 11:26:08'),
(1112, 1230, 29, 1, 'buy', 'unpaid', 'cancelled', '2026-01-07 11:26:08'),
(1113, 1297, 23, 1, 'booking', 'paid', 'confirmed', '2025-11-27 11:26:08'),
(1114, 1279, 3, 2, 'booking', 'paid', 'confirmed', '2026-05-16 11:26:08'),
(1115, 1366, 91, 1, 'buy', 'paid', 'confirmed', '2026-03-31 11:26:08'),
(1116, 1309, 30, 1, 'buy', 'paid', 'confirmed', '2025-08-29 11:26:08'),
(1117, 1314, 3, 1, 'buy', 'paid', 'confirmed', '2026-06-17 11:26:08'),
(1118, 1060, 85, 2, 'booking', 'paid', 'confirmed', '2026-05-13 11:26:08'),
(1119, 1191, 38, 1, 'buy', 'paid', 'confirmed', '2026-01-17 11:26:08'),
(1120, 1150, 25, 1, 'buy', 'paid', 'confirmed', '2026-01-11 11:26:08'),
(1121, 1207, 8, 1, 'buy', 'paid', 'confirmed', '2026-03-21 11:26:08'),
(1122, 1281, 32, 1, 'buy', 'refunded', 'cancelled', '2026-05-13 11:26:08'),
(1123, 1119, 22, 1, 'buy', 'paid', 'confirmed', '2025-08-07 11:26:08'),
(1124, 1225, 21, 2, 'buy', 'paid', 'confirmed', '2025-07-28 11:26:08'),
(1125, 1383, 68, 1, 'booking', 'paid', 'confirmed', '2025-10-11 11:26:08'),
(1126, 1079, 20, 2, 'buy', 'refunded', 'cancelled', '2025-10-27 11:26:08'),
(1127, 1250, 90, 1, 'buy', 'paid', 'confirmed', '2026-01-11 11:26:08'),
(1128, 1405, 73, 1, 'buy', 'paid', 'confirmed', '2025-08-29 11:26:08'),
(1129, 1345, 54, 1, 'buy', 'paid', 'confirmed', '2026-01-31 11:26:08'),
(1130, 1427, 15, 1, 'booking', 'paid', 'confirmed', '2026-02-03 11:26:08'),
(1131, 1117, 91, 2, 'buy', 'pending_verification', 'pending', '2025-08-06 11:26:08'),
(1132, 1267, 29, 2, 'buy', 'paid', 'confirmed', '2025-08-17 11:26:08'),
(1133, 1262, 5, 1, 'booking', 'paid', 'confirmed', '2026-06-14 11:26:08'),
(1134, 1078, 79, 1, 'buy', 'paid', 'confirmed', '2025-11-05 11:26:08'),
(1135, 1360, 89, 1, 'booking', 'paid', 'confirmed', '2025-08-14 11:26:08'),
(1136, 1145, 60, 1, 'buy', 'paid', 'confirmed', '2025-10-05 11:26:08'),
(1137, 1277, 31, 1, 'buy', 'paid', 'confirmed', '2025-09-23 11:26:08'),
(1138, 1367, 28, 1, 'buy', 'paid', 'confirmed', '2025-12-18 11:26:08'),
(1139, 1163, 19, 1, 'buy', 'paid', 'confirmed', '2025-09-20 11:26:08'),
(1140, 1169, 104, 1, 'buy', 'paid', 'confirmed', '2025-10-12 11:26:08'),
(1141, 1195, 59, 1, 'buy', 'paid', 'confirmed', '2025-10-29 11:26:08'),
(1142, 1344, 98, 2, 'buy', 'paid', 'confirmed', '2026-03-10 11:26:08'),
(1143, 1069, 7, 1, 'buy', 'paid', 'confirmed', '2026-03-19 11:26:08'),
(1144, 1026, 13, 1, 'booking', 'paid', 'confirmed', '2025-07-15 11:26:08'),
(1145, 1222, 43, 1, 'buy', 'paid', 'confirmed', '2025-09-27 11:26:08'),
(1146, 1242, 85, 1, 'buy', 'unpaid', 'cancelled', '2026-02-13 11:26:08'),
(1147, 1401, 58, 2, 'buy', 'paid', 'confirmed', '2026-01-19 11:26:08'),
(1148, 1231, 42, 1, 'buy', 'paid', 'confirmed', '2025-11-29 11:26:08'),
(1149, 1253, 51, 1, 'buy', 'paid', 'confirmed', '2026-04-18 11:26:08'),
(1150, 1204, 31, 1, 'buy', 'paid', 'confirmed', '2026-06-16 11:26:08'),
(1151, 1156, 75, 2, 'booking', 'paid', 'confirmed', '2025-11-26 11:26:08'),
(1152, 1299, 84, 1, 'buy', 'paid', 'confirmed', '2026-02-02 11:26:08'),
(1153, 1063, 84, 1, 'buy', 'unpaid', 'cancelled', '2026-06-04 11:26:08'),
(1154, 1146, 23, 1, 'booking', 'paid', 'confirmed', '2026-03-03 11:26:08'),
(1155, 1213, 40, 2, 'booking', 'paid', 'confirmed', '2025-10-03 11:26:08'),
(1156, 1117, 4, 1, 'buy', 'paid', 'confirmed', '2026-01-23 11:26:08'),
(1157, 1114, 23, 1, 'buy', 'unpaid', 'pending', '2025-12-29 11:26:08'),
(1158, 1211, 14, 1, 'booking', 'paid', 'confirmed', '2026-01-20 11:26:08'),
(1159, 1087, 3, 1, 'buy', 'paid', 'confirmed', '2026-06-18 11:26:08'),
(1160, 1250, 103, 1, 'booking', 'paid', 'confirmed', '2025-08-26 11:26:08'),
(1161, 1136, 58, 1, 'booking', 'paid', 'confirmed', '2026-03-20 11:26:08'),
(1162, 1426, 5, 1, 'buy', 'paid', 'confirmed', '2026-04-30 11:26:08'),
(1163, 1187, 68, 2, 'buy', 'paid', 'confirmed', '2025-08-23 11:26:08'),
(1164, 1415, 1, 1, 'booking', 'paid', 'confirmed', '2026-03-09 11:26:08'),
(1165, 1375, 99, 1, 'booking', 'paid', 'confirmed', '2026-01-15 11:26:08'),
(1166, 1127, 102, 1, 'buy', 'paid', 'confirmed', '2025-08-29 11:26:08'),
(1167, 1231, 34, 1, 'booking', 'paid', 'confirmed', '2026-03-08 11:26:08'),
(1168, 1225, 33, 1, 'buy', 'paid', 'confirmed', '2026-06-08 11:26:08'),
(1169, 1225, 100, 1, 'buy', 'paid', 'confirmed', '2026-04-21 11:26:08'),
(1170, 1007, 104, 1, 'booking', 'paid', 'confirmed', '2025-07-31 11:26:08'),
(1171, 1129, 20, 1, 'buy', 'refunded', 'cancelled', '2026-05-26 11:26:08'),
(1172, 1270, 24, 1, 'buy', 'paid', 'confirmed', '2025-08-08 11:26:08'),
(1173, 1333, 25, 1, 'buy', 'refunded', 'cancelled', '2026-06-02 11:26:08'),
(1174, 1227, 45, 1, 'buy', 'paid', 'confirmed', '2026-03-28 11:26:08'),
(1175, 1348, 81, 1, 'buy', 'paid', 'confirmed', '2026-05-30 11:26:08'),
(1176, 1060, 13, 1, 'buy', 'unpaid', 'pending', '2026-02-19 11:26:08'),
(1177, 1152, 36, 1, 'buy', 'paid', 'confirmed', '2025-07-17 11:26:08'),
(1178, 1195, 4, 1, 'buy', 'paid', 'confirmed', '2025-10-02 11:26:08'),
(1179, 1300, 33, 2, 'buy', 'paid', 'confirmed', '2025-12-21 11:26:08'),
(1180, 1285, 16, 1, 'buy', 'paid', 'confirmed', '2025-09-09 11:26:08'),
(1181, 1351, 101, 1, 'buy', 'paid', 'confirmed', '2025-12-22 11:26:08'),
(1182, 1304, 47, 1, 'buy', 'paid', 'confirmed', '2026-01-05 11:26:08'),
(1183, 1181, 100, 1, 'buy', 'paid', 'confirmed', '2026-06-15 11:26:08'),
(1184, 1267, 9, 2, 'buy', 'paid', 'confirmed', '2025-07-22 11:26:08'),
(1185, 1306, 58, 2, 'buy', 'paid', 'confirmed', '2025-11-14 11:26:08'),
(1186, 1037, 10, 1, 'buy', 'pending_verification', 'pending', '2026-03-31 11:26:08'),
(1187, 1025, 10, 1, 'booking', 'unpaid', 'pending', '2026-05-19 11:26:08'),
(1188, 1209, 62, 1, 'buy', 'unpaid', 'pending', '2026-04-11 11:26:08'),
(1189, 1141, 62, 2, 'buy', 'paid', 'confirmed', '2025-10-11 11:26:08'),
(1190, 1158, 70, 1, 'buy', 'paid', 'confirmed', '2025-08-14 11:26:08'),
(1191, 1091, 76, 1, 'buy', 'paid', 'confirmed', '2025-10-18 11:26:08'),
(1192, 1106, 6, 1, 'buy', 'unpaid', 'cancelled', '2026-01-13 11:26:08'),
(1193, 1086, 81, 1, 'buy', 'unpaid', 'pending', '2025-12-27 11:26:08'),
(1194, 1096, 17, 1, 'booking', 'refunded', 'cancelled', '2025-12-06 11:26:08'),
(1195, 1238, 93, 1, 'booking', 'paid', 'confirmed', '2026-01-13 11:26:08'),
(1196, 1037, 94, 1, 'buy', 'paid', 'confirmed', '2025-09-29 11:26:08'),
(1197, 1163, 92, 2, 'booking', 'paid', 'confirmed', '2026-02-19 11:26:08'),
(1198, 1234, 104, 1, 'buy', 'paid', 'confirmed', '2025-08-29 11:26:08'),
(1199, 1017, 69, 1, 'booking', 'refunded', 'cancelled', '2026-01-15 11:26:08'),
(1200, 1352, 35, 2, 'booking', 'unpaid', 'cancelled', '2025-07-12 11:26:08'),
(1201, 1061, 96, 1, 'booking', 'refunded', 'cancelled', '2026-01-20 11:26:08'),
(1202, 1230, 38, 1, 'buy', 'unpaid', 'cancelled', '2025-08-27 11:26:08'),
(1203, 1322, 1, 1, 'buy', 'paid', 'confirmed', '2025-10-22 11:26:08'),
(1204, 1165, 3, 1, 'buy', 'paid', 'confirmed', '2026-03-26 11:26:08'),
(1205, 1426, 75, 1, 'buy', 'unpaid', 'cancelled', '2026-01-11 11:26:08'),
(1206, 1271, 60, 1, 'buy', 'paid', 'confirmed', '2025-09-28 11:26:08'),
(1207, 1279, 42, 1, 'buy', 'paid', 'confirmed', '2025-07-29 11:26:08'),
(1208, 1205, 61, 1, 'booking', 'paid', 'confirmed', '2026-02-01 11:26:08'),
(1209, 1312, 39, 1, 'buy', 'paid', 'confirmed', '2025-11-28 11:26:08'),
(1210, 1381, 35, 2, 'buy', 'paid', 'confirmed', '2026-04-02 11:26:08'),
(1211, 1187, 31, 1, 'booking', 'paid', 'confirmed', '2025-10-27 11:26:08'),
(1212, 1101, 99, 1, 'buy', 'refunded', 'cancelled', '2026-04-23 11:26:08'),
(1213, 1163, 13, 2, 'booking', 'paid', 'confirmed', '2026-06-14 11:26:08'),
(1214, 1387, 76, 1, 'booking', 'paid', 'confirmed', '2026-02-14 11:26:08'),
(1215, 1102, 85, 1, 'buy', 'paid', 'confirmed', '2025-08-29 11:26:08'),
(1216, 1151, 95, 2, 'buy', 'paid', 'confirmed', '2025-09-25 11:26:08'),
(1217, 1278, 51, 1, 'buy', 'unpaid', 'cancelled', '2025-07-17 11:26:08'),
(1218, 1157, 24, 1, 'buy', 'paid', 'confirmed', '2025-11-08 11:26:08'),
(1219, 1047, 59, 2, 'buy', 'paid', 'confirmed', '2025-10-02 11:26:08'),
(1220, 1272, 95, 2, 'buy', 'unpaid', 'pending', '2026-01-14 11:26:08'),
(1221, 1212, 26, 1, 'buy', 'paid', 'confirmed', '2025-11-08 11:26:08'),
(1222, 1109, 3, 1, 'booking', 'paid', 'confirmed', '2025-08-04 11:26:08'),
(1223, 1146, 47, 1, 'buy', 'paid', 'confirmed', '2025-12-25 11:26:08'),
(1224, 1167, 102, 1, 'buy', 'paid', 'confirmed', '2025-07-31 11:26:08'),
(1225, 1114, 2, 1, 'buy', 'paid', 'confirmed', '2026-04-18 11:26:08'),
(1226, 1035, 84, 1, 'buy', 'unpaid', 'pending', '2025-11-03 11:26:08'),
(1227, 1096, 24, 1, 'booking', 'pending_verification', 'pending', '2025-07-10 11:26:08'),
(1228, 1246, 3, 1, 'buy', 'pending_verification', 'pending', '2026-04-16 11:26:08'),
(1229, 1328, 65, 2, 'booking', 'paid', 'confirmed', '2026-01-01 11:26:08'),
(1230, 1066, 88, 1, 'booking', 'paid', 'confirmed', '2025-09-09 11:26:08'),
(1231, 1231, 20, 1, 'booking', 'paid', 'confirmed', '2025-10-03 11:26:08'),
(1232, 1238, 103, 2, 'booking', 'paid', 'confirmed', '2026-06-02 11:26:08'),
(1233, 1406, 63, 1, 'buy', 'paid', 'confirmed', '2026-06-16 11:26:08'),
(1234, 1217, 72, 1, 'booking', 'refunded', 'cancelled', '2026-06-17 11:26:08'),
(1235, 1308, 103, 1, 'booking', 'paid', 'confirmed', '2026-04-25 11:26:08'),
(1236, 1264, 68, 1, 'booking', 'paid', 'confirmed', '2025-09-19 11:26:08'),
(1237, 1061, 42, 1, 'booking', 'paid', 'confirmed', '2025-08-19 11:26:08'),
(1238, 1111, 83, 2, 'booking', 'paid', 'confirmed', '2025-11-15 11:26:08'),
(1239, 1336, 26, 2, 'booking', 'paid', 'confirmed', '2026-03-11 11:26:08'),
(1240, 1312, 65, 1, 'booking', 'paid', 'confirmed', '2026-04-22 11:26:08'),
(1241, 1013, 60, 1, 'buy', 'paid', 'confirmed', '2026-04-28 11:26:08'),
(1242, 1262, 32, 2, 'buy', 'paid', 'confirmed', '2026-02-26 11:26:08'),
(1243, 1021, 21, 1, 'booking', 'paid', 'confirmed', '2025-09-04 11:26:08'),
(1244, 1345, 68, 1, 'booking', 'paid', 'confirmed', '2025-12-30 11:26:08'),
(1245, 1219, 63, 1, 'booking', 'paid', 'confirmed', '2025-07-28 11:26:08'),
(1246, 1009, 90, 1, 'buy', 'paid', 'confirmed', '2025-10-24 11:26:08'),
(1247, 1402, 43, 1, 'booking', 'paid', 'confirmed', '2026-02-27 11:26:08'),
(1248, 1057, 70, 2, 'buy', 'paid', 'confirmed', '2025-08-27 11:26:08'),
(1249, 1090, 72, 1, 'booking', 'paid', 'confirmed', '2025-08-13 11:26:08'),
(1250, 1228, 72, 1, 'buy', 'unpaid', 'cancelled', '2026-01-07 11:26:08'),
(1251, 1270, 28, 1, 'booking', 'paid', 'confirmed', '2026-03-12 11:26:08'),
(1252, 1353, 97, 1, 'booking', 'paid', 'confirmed', '2025-08-22 11:26:08'),
(1253, 1101, 9, 1, 'buy', 'paid', 'confirmed', '2026-04-30 11:26:08'),
(1254, 1229, 23, 1, 'buy', 'unpaid', 'cancelled', '2025-10-28 11:26:08'),
(1255, 1075, 7, 1, 'booking', 'paid', 'confirmed', '2025-08-02 11:26:08'),
(1256, 1198, 51, 1, 'buy', 'unpaid', 'pending', '2026-04-03 11:26:08'),
(1257, 1303, 29, 1, 'booking', 'paid', 'confirmed', '2025-08-14 11:26:08'),
(1258, 1352, 19, 1, 'booking', 'paid', 'confirmed', '2026-05-25 11:26:08'),
(1259, 1186, 57, 1, 'buy', 'paid', 'confirmed', '2026-02-16 11:26:08'),
(1260, 1354, 98, 1, 'buy', 'paid', 'confirmed', '2026-02-05 11:26:08'),
(1261, 1406, 10, 1, 'buy', 'paid', 'confirmed', '2026-04-04 11:26:08'),
(1262, 1254, 2, 1, 'buy', 'paid', 'confirmed', '2026-01-07 11:26:08'),
(1263, 1020, 12, 1, 'booking', 'paid', 'confirmed', '2025-07-18 11:26:08'),
(1264, 1247, 99, 1, 'buy', 'paid', 'confirmed', '2025-08-17 11:26:08'),
(1265, 1310, 98, 1, 'buy', 'paid', 'confirmed', '2026-04-16 11:26:08'),
(1266, 1334, 44, 1, 'buy', 'paid', 'confirmed', '2026-06-02 11:26:08'),
(1267, 1280, 63, 1, 'buy', 'unpaid', 'cancelled', '2026-02-06 11:26:08'),
(1268, 1104, 64, 1, 'buy', 'paid', 'confirmed', '2025-08-25 11:26:08'),
(1269, 1356, 103, 1, 'buy', 'paid', 'confirmed', '2025-08-17 11:26:08'),
(1270, 1284, 17, 1, 'buy', 'paid', 'confirmed', '2026-02-19 11:26:08'),
(1271, 1137, 25, 1, 'buy', 'paid', 'confirmed', '2025-07-11 11:26:08'),
(1272, 1267, 63, 2, 'buy', 'paid', 'confirmed', '2026-03-09 11:26:08'),
(1273, 1101, 100, 1, 'booking', 'paid', 'confirmed', '2025-10-01 11:26:08'),
(1274, 1389, 78, 1, 'booking', 'paid', 'confirmed', '2025-12-29 11:26:08'),
(1275, 1386, 100, 1, 'buy', 'paid', 'confirmed', '2025-08-17 11:26:08'),
(1276, 1271, 64, 1, 'booking', 'unpaid', 'cancelled', '2025-09-26 11:26:08'),
(1277, 1214, 9, 1, 'booking', 'paid', 'confirmed', '2026-01-27 11:26:08'),
(1278, 1349, 100, 2, 'buy', 'pending_verification', 'pending', '2025-08-17 11:26:08'),
(1279, 1243, 3, 1, 'booking', 'paid', 'confirmed', '2026-02-17 11:26:08'),
(1280, 1233, 10, 1, 'buy', 'pending_verification', 'pending', '2025-07-13 11:26:08'),
(1281, 1399, 35, 2, 'buy', 'paid', 'confirmed', '2025-12-30 11:26:08'),
(1282, 1293, 83, 2, 'buy', 'paid', 'confirmed', '2025-08-27 11:26:08'),
(1283, 1125, 30, 1, 'booking', 'refunded', 'cancelled', '2025-11-24 11:26:08'),
(1284, 1293, 59, 1, 'buy', 'paid', 'confirmed', '2026-02-26 11:26:08'),
(1285, 1245, 102, 2, 'buy', 'paid', 'confirmed', '2025-07-29 11:26:08'),
(1286, 1398, 69, 1, 'buy', 'paid', 'confirmed', '2025-07-27 11:26:08'),
(1287, 1325, 101, 1, 'booking', 'paid', 'confirmed', '2025-12-15 11:26:08'),
(1288, 1153, 68, 1, 'buy', 'paid', 'confirmed', '2026-06-10 11:26:08'),
(1289, 1120, 58, 1, 'buy', 'unpaid', 'cancelled', '2026-03-18 11:26:08'),
(1290, 1426, 49, 1, 'booking', 'paid', 'confirmed', '2026-05-30 11:26:08'),
(1291, 1072, 89, 1, 'buy', 'paid', 'confirmed', '2025-10-01 11:26:08'),
(1292, 1277, 79, 1, 'buy', 'paid', 'confirmed', '2025-08-09 11:26:08'),
(1293, 1064, 31, 1, 'booking', 'paid', 'confirmed', '2025-12-07 11:26:08'),
(1294, 1348, 59, 1, 'buy', 'refunded', 'cancelled', '2025-11-23 11:26:08'),
(1295, 1305, 104, 1, 'buy', 'refunded', 'cancelled', '2026-03-04 11:26:08'),
(1296, 1320, 72, 1, 'buy', 'paid', 'confirmed', '2026-05-14 11:26:08'),
(1297, 1195, 68, 1, 'buy', 'paid', 'confirmed', '2025-09-15 11:26:08'),
(1298, 1200, 2, 1, 'buy', 'paid', 'confirmed', '2025-09-04 11:26:08'),
(1299, 1163, 16, 1, 'booking', 'paid', 'confirmed', '2025-08-26 11:26:08'),
(1300, 1265, 9, 1, 'buy', 'paid', 'confirmed', '2025-07-25 11:26:08'),
(1301, 1049, 47, 1, 'buy', 'unpaid', 'pending', '2026-04-08 11:26:08'),
(1302, 1148, 20, 1, 'buy', 'paid', 'confirmed', '2025-11-25 11:26:08'),
(1303, 1091, 86, 1, 'buy', 'paid', 'confirmed', '2025-12-25 11:26:08'),
(1304, 1182, 16, 2, 'booking', 'paid', 'confirmed', '2026-03-26 11:26:08'),
(1305, 1335, 70, 2, 'buy', 'paid', 'confirmed', '2025-12-03 11:26:08'),
(1306, 1165, 89, 1, 'booking', 'paid', 'confirmed', '2025-11-13 11:26:08'),
(1307, 1035, 54, 1, 'buy', 'paid', 'confirmed', '2025-07-25 11:26:08'),
(1308, 1375, 19, 1, 'buy', 'unpaid', 'pending', '2026-04-29 11:26:08'),
(1309, 1012, 84, 1, 'booking', 'paid', 'confirmed', '2026-06-19 11:26:08'),
(1310, 1369, 71, 1, 'booking', 'paid', 'confirmed', '2026-06-06 11:26:08'),
(1311, 1272, 55, 2, 'buy', 'paid', 'confirmed', '2026-01-18 11:26:08'),
(1312, 1171, 35, 2, 'buy', 'paid', 'confirmed', '2026-02-13 11:26:08'),
(1313, 1112, 34, 1, 'booking', 'paid', 'confirmed', '2026-06-12 11:26:08'),
(1314, 1165, 30, 1, 'buy', 'paid', 'confirmed', '2026-05-23 11:26:08'),
(1315, 1307, 65, 1, 'booking', 'paid', 'confirmed', '2025-12-28 11:26:08'),
(1316, 1341, 38, 1, 'booking', 'paid', 'confirmed', '2026-03-28 11:26:08'),
(1317, 1316, 22, 2, 'buy', 'paid', 'confirmed', '2026-04-28 11:26:08'),
(1318, 1300, 43, 1, 'booking', 'paid', 'confirmed', '2026-04-14 11:26:08'),
(1319, 1152, 62, 1, 'buy', 'paid', 'confirmed', '2025-09-04 11:26:08'),
(1320, 1045, 20, 1, 'booking', 'paid', 'confirmed', '2025-07-20 11:26:08'),
(1321, 1381, 11, 1, 'booking', 'unpaid', 'cancelled', '2025-11-21 11:26:08'),
(1322, 1312, 86, 1, 'buy', 'paid', 'confirmed', '2025-08-27 11:26:08'),
(1323, 1008, 9, 1, 'booking', 'pending_verification', 'pending', '2026-01-25 11:26:08'),
(1324, 1261, 8, 1, 'buy', 'pending_verification', 'pending', '2025-08-08 11:26:08'),
(1325, 1400, 14, 2, 'booking', 'paid', 'confirmed', '2025-10-07 11:26:08'),
(1326, 1058, 13, 1, 'buy', 'paid', 'confirmed', '2025-10-23 11:26:08'),
(1327, 1279, 44, 1, 'booking', 'paid', 'confirmed', '2025-11-19 11:26:08'),
(1328, 1062, 50, 2, 'buy', 'paid', 'confirmed', '2025-10-17 11:26:08'),
(1329, 1386, 11, 1, 'buy', 'paid', 'confirmed', '2026-03-03 11:26:08'),
(1330, 1030, 33, 2, 'buy', 'paid', 'confirmed', '2025-11-01 11:26:08'),
(1331, 1304, 31, 2, 'booking', 'paid', 'confirmed', '2025-08-31 11:26:08'),
(1332, 1404, 63, 1, 'buy', 'paid', 'confirmed', '2026-05-25 11:26:08'),
(1333, 1082, 57, 1, 'buy', 'paid', 'confirmed', '2026-03-31 11:26:08'),
(1334, 1326, 72, 2, 'buy', 'paid', 'confirmed', '2026-03-27 11:26:08'),
(1335, 1380, 2, 1, 'buy', 'paid', 'confirmed', '2025-12-14 11:26:08'),
(1336, 1369, 99, 1, 'buy', 'paid', 'confirmed', '2026-05-31 11:26:08'),
(1337, 1291, 100, 1, 'buy', 'paid', 'confirmed', '2025-12-08 11:26:08'),
(1338, 1207, 93, 1, 'buy', 'paid', 'confirmed', '2026-01-09 11:26:08'),
(1339, 1290, 62, 1, 'booking', 'paid', 'confirmed', '2025-08-19 11:26:08'),
(1340, 1157, 97, 1, 'booking', 'paid', 'confirmed', '2025-12-12 11:26:08'),
(1341, 1389, 45, 1, 'buy', 'paid', 'confirmed', '2025-07-16 11:26:08'),
(1342, 1248, 67, 1, 'buy', 'paid', 'confirmed', '2026-05-11 11:26:08'),
(1343, 1320, 25, 1, 'buy', 'unpaid', 'cancelled', '2025-08-25 11:26:08'),
(1344, 1127, 54, 1, 'buy', 'paid', 'confirmed', '2026-02-20 11:26:08'),
(1345, 1186, 1, 1, 'booking', 'paid', 'confirmed', '2025-10-17 11:26:08'),
(1346, 1201, 34, 1, 'buy', 'paid', 'confirmed', '2025-10-30 11:26:08'),
(1347, 1045, 9, 1, 'buy', 'pending_verification', 'pending', '2025-10-15 11:26:08'),
(1348, 1323, 37, 2, 'booking', 'paid', 'confirmed', '2025-09-09 11:26:08'),
(1349, 1020, 104, 1, 'booking', 'paid', 'confirmed', '2026-01-12 11:26:08'),
(1350, 1174, 67, 1, 'buy', 'paid', 'confirmed', '2026-03-31 11:26:08'),
(1351, 1362, 60, 1, 'booking', 'paid', 'confirmed', '2026-05-28 11:26:08'),
(1352, 1419, 22, 1, 'booking', 'unpaid', 'cancelled', '2026-03-26 11:26:08'),
(1353, 1147, 84, 1, 'booking', 'paid', 'confirmed', '2025-12-18 11:26:08'),
(1354, 1170, 33, 1, 'booking', 'paid', 'confirmed', '2025-07-24 11:26:08'),
(1355, 1294, 85, 1, 'buy', 'paid', 'confirmed', '2025-12-08 11:26:08'),
(1356, 1259, 12, 1, 'buy', 'unpaid', 'pending', '2025-10-24 11:26:08'),
(1357, 1072, 71, 1, 'buy', 'unpaid', 'cancelled', '2026-02-04 11:26:08'),
(1358, 1025, 101, 1, 'booking', 'paid', 'confirmed', '2025-09-20 11:26:08'),
(1359, 1282, 75, 2, 'buy', 'paid', 'confirmed', '2025-09-30 11:26:08'),
(1360, 1322, 90, 1, 'buy', 'paid', 'confirmed', '2025-09-22 11:26:08'),
(1361, 1097, 49, 1, 'buy', 'paid', 'confirmed', '2025-12-26 11:26:08'),
(1362, 1246, 103, 1, 'booking', 'paid', 'confirmed', '2025-09-11 11:26:08'),
(1363, 1179, 97, 2, 'booking', 'paid', 'confirmed', '2025-09-09 11:26:08'),
(1364, 1239, 91, 1, 'buy', 'paid', 'confirmed', '2025-12-12 11:26:08'),
(1365, 1247, 76, 1, 'booking', 'paid', 'confirmed', '2026-04-12 11:26:08'),
(1366, 1127, 87, 1, 'booking', 'refunded', 'cancelled', '2025-11-30 11:26:08'),
(1367, 1197, 75, 1, 'buy', 'paid', 'confirmed', '2025-10-27 11:26:08'),
(1368, 1075, 30, 1, 'buy', 'paid', 'confirmed', '2026-03-01 11:26:08'),
(1369, 1274, 83, 2, 'buy', 'paid', 'confirmed', '2026-05-21 11:26:08'),
(1370, 1192, 49, 1, 'booking', 'paid', 'confirmed', '2026-03-20 11:26:08'),
(1371, 1041, 52, 1, 'buy', 'paid', 'confirmed', '2026-01-04 11:26:08'),
(1372, 1157, 67, 1, 'buy', 'unpaid', 'pending', '2025-11-05 11:26:08'),
(1373, 1112, 100, 1, 'buy', 'paid', 'confirmed', '2026-05-17 11:26:08'),
(1374, 1146, 28, 1, 'buy', 'pending_verification', 'pending', '2025-07-22 11:26:08'),
(1375, 1319, 58, 1, 'buy', 'pending_verification', 'pending', '2026-02-08 11:26:08'),
(1376, 1339, 4, 2, 'buy', 'paid', 'confirmed', '2025-11-14 11:26:08'),
(1377, 1357, 96, 1, 'buy', 'paid', 'confirmed', '2025-09-11 11:26:08'),
(1378, 1221, 55, 1, 'buy', 'refunded', 'cancelled', '2025-11-04 11:26:08'),
(1379, 1315, 104, 1, 'buy', 'paid', 'confirmed', '2025-07-25 11:26:08'),
(1380, 1237, 48, 1, 'buy', 'paid', 'confirmed', '2026-03-17 11:26:08'),
(1381, 1422, 100, 1, 'buy', 'paid', 'confirmed', '2025-08-18 11:26:08'),
(1382, 1148, 8, 2, 'booking', 'paid', 'confirmed', '2025-12-07 11:26:08'),
(1383, 1103, 81, 1, 'buy', 'unpaid', 'cancelled', '2026-01-06 11:26:08'),
(1384, 1062, 80, 1, 'booking', 'paid', 'confirmed', '2025-07-09 11:26:08'),
(1385, 1347, 86, 1, 'buy', 'paid', 'confirmed', '2025-10-07 11:26:08'),
(1386, 1356, 103, 1, 'buy', 'paid', 'confirmed', '2026-01-04 11:26:08'),
(1387, 1370, 54, 2, 'booking', 'paid', 'confirmed', '2026-05-17 11:26:08'),
(1388, 1143, 51, 1, 'buy', 'paid', 'confirmed', '2025-07-12 11:26:08'),
(1389, 1356, 79, 1, 'buy', 'unpaid', 'cancelled', '2026-05-23 11:26:08'),
(1390, 1179, 54, 1, 'buy', 'paid', 'confirmed', '2026-04-14 11:26:08'),
(1391, 1219, 54, 1, 'booking', 'paid', 'confirmed', '2025-07-13 11:26:08'),
(1392, 1046, 2, 1, 'booking', 'paid', 'confirmed', '2026-04-11 11:26:08'),
(1393, 1410, 99, 1, 'buy', 'refunded', 'cancelled', '2025-08-21 11:26:08'),
(1394, 1000, 1, 1, 'buy', 'pending_verification', 'pending', '2026-04-27 11:26:08'),
(1395, 1278, 13, 1, 'booking', 'refunded', 'cancelled', '2025-08-16 11:26:08'),
(1396, 1243, 103, 1, 'buy', 'refunded', 'cancelled', '2026-03-26 11:26:08'),
(1397, 1298, 95, 2, 'booking', 'paid', 'confirmed', '2025-11-24 11:26:08'),
(1398, 1182, 38, 1, 'booking', 'paid', 'confirmed', '2025-12-24 11:26:08'),
(1399, 1005, 74, 1, 'booking', 'unpaid', 'cancelled', '2026-01-25 11:26:08'),
(1400, 1227, 80, 1, 'buy', 'paid', 'confirmed', '2026-01-14 11:26:08'),
(1401, 1347, 41, 1, 'buy', 'paid', 'confirmed', '2025-09-20 11:26:08'),
(1402, 1125, 39, 1, 'booking', 'unpaid', 'pending', '2025-09-24 11:26:08'),
(1403, 1237, 52, 2, 'buy', 'refunded', 'cancelled', '2026-06-19 11:26:08'),
(1404, 1259, 83, 1, 'booking', 'paid', 'confirmed', '2025-09-21 11:26:08'),
(1405, 1411, 90, 1, 'booking', 'pending_verification', 'pending', '2025-07-29 11:26:08'),
(1406, 1001, 33, 1, 'buy', 'paid', 'confirmed', '2026-06-04 11:26:08'),
(1407, 1154, 34, 1, 'booking', 'paid', 'confirmed', '2025-11-15 11:26:08'),
(1408, 1009, 98, 1, 'buy', 'paid', 'confirmed', '2025-10-29 11:26:08'),
(1409, 1003, 69, 1, 'buy', 'paid', 'confirmed', '2026-03-24 11:26:08'),
(1410, 1360, 47, 1, 'buy', 'refunded', 'cancelled', '2025-07-19 11:26:08'),
(1411, 1268, 100, 2, 'buy', 'paid', 'confirmed', '2025-07-14 11:26:08'),
(1412, 1078, 17, 1, 'buy', 'paid', 'confirmed', '2026-01-14 11:26:08'),
(1413, 1395, 101, 1, 'buy', 'paid', 'confirmed', '2025-09-28 11:26:08'),
(1414, 1224, 75, 2, 'buy', 'paid', 'confirmed', '2025-08-12 11:26:08'),
(1415, 1235, 24, 1, 'buy', 'paid', 'confirmed', '2025-12-13 11:26:08'),
(1416, 1067, 7, 1, 'buy', 'paid', 'confirmed', '2025-07-08 11:26:08'),
(1417, 1378, 71, 2, 'buy', 'paid', 'confirmed', '2026-04-20 11:26:08'),
(1418, 1383, 72, 2, 'buy', 'paid', 'confirmed', '2026-04-13 11:26:08'),
(1419, 1366, 46, 1, 'booking', 'paid', 'confirmed', '2025-07-31 11:26:08'),
(1420, 1271, 78, 2, 'booking', 'paid', 'confirmed', '2026-03-17 11:26:08'),
(1421, 1188, 54, 1, 'booking', 'paid', 'confirmed', '2025-10-20 11:26:08'),
(1422, 1180, 36, 1, 'buy', 'unpaid', 'pending', '2025-12-21 11:26:08'),
(1423, 1190, 9, 1, 'booking', 'unpaid', 'cancelled', '2026-05-17 11:26:08'),
(1424, 1264, 44, 1, 'buy', 'paid', 'confirmed', '2026-03-26 11:26:08'),
(1425, 1043, 64, 2, 'buy', 'paid', 'confirmed', '2026-04-07 11:26:08'),
(1426, 1396, 102, 1, 'buy', 'paid', 'confirmed', '2026-01-24 11:26:08'),
(1427, 1413, 85, 1, 'buy', 'paid', 'confirmed', '2025-11-14 11:26:08'),
(1428, 1121, 63, 1, 'buy', 'paid', 'confirmed', '2025-08-11 11:26:08'),
(1429, 1361, 94, 1, 'buy', 'paid', 'confirmed', '2026-03-02 11:26:08'),
(1430, 1415, 62, 1, 'buy', 'pending_verification', 'pending', '2026-03-26 11:26:08'),
(1431, 1198, 63, 1, 'booking', 'paid', 'confirmed', '2026-03-24 11:26:08'),
(1432, 1255, 95, 1, 'buy', 'paid', 'confirmed', '2026-05-16 11:26:08'),
(1433, 1254, 42, 1, 'buy', 'paid', 'confirmed', '2025-11-20 11:26:08'),
(1434, 1331, 104, 1, 'booking', 'paid', 'confirmed', '2026-04-24 11:26:08'),
(1435, 1305, 103, 1, 'booking', 'paid', 'confirmed', '2026-05-17 11:26:08'),
(1436, 1380, 11, 1, 'booking', 'paid', 'confirmed', '2026-05-05 11:26:08'),
(1437, 1088, 70, 1, 'buy', 'unpaid', 'pending', '2025-07-08 11:26:08'),
(1438, 1171, 67, 2, 'buy', 'paid', 'confirmed', '2025-12-09 11:26:08'),
(1439, 1150, 78, 1, 'buy', 'paid', 'confirmed', '2026-04-20 11:26:08'),
(1440, 1090, 41, 1, 'buy', 'paid', 'confirmed', '2025-09-09 11:26:08'),
(1441, 1277, 42, 1, 'booking', 'paid', 'confirmed', '2025-10-18 11:26:08'),
(1442, 1300, 49, 2, 'buy', 'unpaid', 'pending', '2026-05-10 11:26:08'),
(1443, 1001, 49, 1, 'buy', 'paid', 'confirmed', '2026-04-08 11:26:08'),
(1444, 1162, 55, 2, 'buy', 'paid', 'confirmed', '2026-06-13 11:26:08'),
(1445, 1328, 80, 1, 'buy', 'paid', 'confirmed', '2025-12-08 11:26:08'),
(1446, 1253, 76, 1, 'buy', 'paid', 'confirmed', '2025-12-10 11:26:08'),
(1447, 1212, 71, 1, 'booking', 'paid', 'confirmed', '2026-04-20 11:26:08'),
(1448, 1281, 90, 1, 'booking', 'paid', 'confirmed', '2025-11-14 11:26:08'),
(1449, 1335, 60, 1, 'booking', 'paid', 'confirmed', '2025-09-08 11:26:08'),
(1450, 1156, 29, 1, 'buy', 'unpaid', 'pending', '2025-11-08 11:26:08'),
(1451, 1275, 3, 2, 'buy', 'refunded', 'cancelled', '2025-09-13 11:26:08'),
(1452, 1274, 96, 2, 'booking', 'paid', 'confirmed', '2025-10-08 11:26:08'),
(1453, 1052, 43, 1, 'buy', 'unpaid', 'cancelled', '2025-12-26 11:26:08'),
(1454, 1353, 3, 2, 'booking', 'paid', 'confirmed', '2026-05-19 11:26:08'),
(1455, 1354, 19, 1, 'buy', 'paid', 'confirmed', '2026-01-21 11:26:08'),
(1456, 1139, 11, 1, 'buy', 'refunded', 'cancelled', '2025-08-04 11:26:08'),
(1457, 1039, 68, 1, 'buy', 'unpaid', 'pending', '2025-09-17 11:26:08'),
(1458, 1131, 70, 1, 'booking', 'paid', 'confirmed', '2025-10-03 11:26:08'),
(1459, 1175, 80, 1, 'buy', 'unpaid', 'pending', '2026-04-25 11:26:08'),
(1460, 1065, 3, 1, 'booking', 'unpaid', 'cancelled', '2026-04-25 11:26:08'),
(1461, 1189, 83, 1, 'buy', 'paid', 'confirmed', '2025-10-06 11:26:08'),
(1462, 1316, 89, 1, 'booking', 'paid', 'confirmed', '2025-09-23 11:26:08'),
(1463, 1343, 76, 1, 'booking', 'paid', 'confirmed', '2026-02-22 11:26:08'),
(1464, 1067, 76, 1, 'buy', 'paid', 'confirmed', '2026-01-11 11:26:08'),
(1465, 1285, 48, 1, 'booking', 'paid', 'confirmed', '2026-06-13 11:26:08'),
(1466, 1099, 31, 1, 'buy', 'paid', 'confirmed', '2026-05-23 11:26:08'),
(1467, 1118, 20, 1, 'buy', 'paid', 'confirmed', '2026-01-10 11:26:08'),
(1468, 1421, 22, 1, 'booking', 'paid', 'confirmed', '2026-06-08 11:26:08'),
(1469, 1150, 94, 1, 'buy', 'paid', 'confirmed', '2026-02-25 11:26:08'),
(1470, 1071, 79, 1, 'buy', 'unpaid', 'pending', '2026-03-24 11:26:08'),
(1471, 1280, 51, 1, 'booking', 'paid', 'confirmed', '2026-02-10 11:26:08'),
(1472, 1286, 33, 1, 'buy', 'paid', 'confirmed', '2025-08-02 11:26:08'),
(1473, 1118, 80, 1, 'booking', 'unpaid', 'pending', '2025-08-25 11:26:08'),
(1474, 1093, 22, 1, 'buy', 'unpaid', 'cancelled', '2025-11-13 11:26:08'),
(1475, 1140, 92, 1, 'booking', 'paid', 'confirmed', '2026-01-13 11:26:08'),
(1476, 1207, 29, 1, 'buy', 'paid', 'confirmed', '2025-10-12 11:26:08'),
(1477, 1392, 35, 1, 'booking', 'paid', 'confirmed', '2025-09-14 11:26:08'),
(1478, 1152, 72, 1, 'booking', 'paid', 'confirmed', '2026-02-28 11:26:08'),
(1479, 1057, 65, 2, 'buy', 'paid', 'confirmed', '2026-05-12 11:26:08'),
(1480, 1245, 49, 1, 'buy', 'paid', 'confirmed', '2025-07-25 11:26:08'),
(1481, 1127, 23, 1, 'buy', 'paid', 'confirmed', '2025-12-10 11:26:08'),
(1482, 1256, 60, 1, 'booking', 'unpaid', 'pending', '2026-02-16 11:26:08'),
(1483, 1209, 97, 1, 'buy', 'unpaid', 'cancelled', '2026-03-19 11:26:08'),
(1484, 1233, 56, 1, 'buy', 'unpaid', 'pending', '2026-01-06 11:26:08'),
(1485, 1378, 17, 2, 'buy', 'paid', 'confirmed', '2025-12-26 11:26:08'),
(1486, 1143, 98, 1, 'booking', 'paid', 'confirmed', '2026-01-21 11:26:08'),
(1487, 1223, 23, 2, 'buy', 'paid', 'confirmed', '2025-10-04 11:26:08'),
(1488, 1156, 91, 1, 'booking', 'paid', 'confirmed', '2026-05-07 11:26:08'),
(1489, 1337, 75, 2, 'buy', 'paid', 'confirmed', '2025-07-11 11:26:08'),
(1490, 1163, 51, 1, 'buy', 'paid', 'confirmed', '2026-05-14 11:26:08'),
(1491, 1279, 42, 1, 'booking', 'paid', 'confirmed', '2026-01-29 11:26:08'),
(1492, 1393, 62, 1, 'booking', 'paid', 'confirmed', '2025-12-23 11:26:08'),
(1493, 1269, 90, 1, 'buy', 'paid', 'confirmed', '2025-11-14 11:26:08'),
(1494, 1170, 16, 1, 'buy', 'paid', 'confirmed', '2025-10-16 11:26:08'),
(1495, 1257, 5, 1, 'booking', 'pending_verification', 'pending', '2025-12-25 11:26:08'),
(1496, 1410, 20, 1, 'buy', 'refunded', 'cancelled', '2026-05-06 11:26:08'),
(1497, 1127, 89, 2, 'buy', 'paid', 'confirmed', '2025-09-09 11:26:08'),
(1498, 1400, 78, 1, 'buy', 'unpaid', 'cancelled', '2025-09-06 11:26:08'),
(1499, 1000, 40, 1, 'buy', 'paid', 'confirmed', '2026-02-10 11:26:08');

INSERT INTO `reviews` (`id`, `user_id`, `motorcycle_id`, `rating`, `comment`, `is_anonymous`, `created_at`) VALUES (1000, 1023, 43, 5, 'Mesin responsif, handling nyaman, suspensi empuk banget.', 1, '2025-12-09 11:26:08'),
(1001, 1048, 93, 5, 'Motor irit, tarikan joss, cocok untuk jalanan kota.', 0, '2026-02-11 11:26:08'),
(1002, 1093, 9, 5, 'Unit motor dalam kondisi prima tanpa lecet sedikitpun.', 0, '2026-03-25 11:26:08'),
(1003, 1037, 51, 5, 'Barang sesuai pesanan, proses leasing dibantu dengan ramah.', 1, '2026-01-11 11:26:08'),
(1004, 1213, 43, 5, 'Pelayanan sangat memuaskan, motor datang tepat waktu dan surat-surat lengkap.', 1, '2026-04-09 11:26:08'),
(1005, 1228, 50, 5, 'Performa motor luar biasa, suara mesin halus dan akselerasi mantap!', 0, '2025-11-08 11:26:08'),
(1006, 1204, 5, 4, 'Motor bagus sekali, hanya saja pengiriman ke rumah agak telat 1 hari.', 1, '2026-02-10 11:26:08'),
(1007, 1111, 18, 5, 'Proses pembelian sangat cepat tanpa ribet. Recommended seller!', 0, '2025-10-12 11:26:08'),
(1008, 1167, 86, 5, 'Sangat puas dengan pelayanannya, unit dikirim dengan cepat dan mulus!', 0, '2026-03-19 11:26:08'),
(1009, 1209, 28, 4, 'Motor oke punya, proses plat nomor agak memakan waktu.', 1, '2025-10-07 11:26:08'),
(1010, 1123, 35, 5, 'Proses pembelian sangat cepat tanpa ribet. Recommended seller!', 0, '2026-01-23 11:26:08'),
(1011, 1116, 80, 5, 'Barang sesuai pesanan, proses leasing dibantu dengan ramah.', 0, '2025-08-22 11:26:08'),
(1012, 1188, 14, 5, 'Sangat recommended beli motor di sini, prosesnya cepat dan dibantu sales sampai beres.', 0, '2025-07-21 11:26:08'),
(1013, 1040, 79, 5, 'Performa motor luar biasa, suara mesin halus dan akselerasi mantap!', 0, '2025-11-02 11:26:08'),
(1014, 1023, 79, 5, 'Motor irit, tarikan joss, cocok untuk jalanan kota.', 0, '2025-08-24 11:26:08'),
(1015, 1144, 36, 4, 'Kualitas barang mantap, layanan sales memuaskan walau respon WA kadang lambat.', 0, '2026-04-03 11:26:08'),
(1016, 1356, 13, 4, 'Respon admin lambat saat verifikasi pembayaran, tapi unit dikirim dalam kondisi prima.', 0, '2025-07-24 11:26:08'),
(1017, 1288, 47, 5, 'Proses pembelian sangat cepat tanpa ribet. Recommended seller!', 0, '2026-03-18 11:26:08'),
(1018, 1282, 51, 5, 'Barang sesuai pesanan, proses leasing dibantu dengan ramah.', 1, '2026-06-19 11:26:08'),
(1019, 1084, 73, 5, 'Sangat recommended beli motor di sini, prosesnya cepat dan dibantu sales sampai beres.', 0, '2025-09-17 11:26:08'),
(1020, 1045, 35, 5, 'Sangat recommended beli motor di sini, prosesnya cepat dan dibantu sales sampai beres.', 0, '2026-04-07 11:26:08'),
(1021, 1163, 85, 5, 'Desainnya futuristik, performa tidak diragukan lagi. Puas sekali.', 0, '2026-03-25 11:26:08'),
(1022, 1312, 58, 5, 'Mesin responsif, handling nyaman, suspensi empuk banget.', 0, '2025-07-13 11:26:08'),
(1023, 1326, 85, 5, 'Sangat puas dengan pelayanannya, unit dikirim dengan cepat dan mulus!', 0, '2025-12-14 11:26:08'),
(1024, 1052, 93, 5, 'Proses pembelian sangat cepat tanpa ribet. Recommended seller!', 0, '2026-04-06 11:26:08'),
(1025, 1351, 33, 5, 'Sangat recommended beli motor di sini, prosesnya cepat dan dibantu sales sampai beres.', 0, '2026-01-24 11:26:08'),
(1026, 1225, 32, 4, 'Unit oke, pelayanan cukup baik, terima kasih MotoInfy.', 0, '2026-04-22 11:26:08'),
(1027, 1119, 22, 4, 'Proses administrasi agak lama, tapi performa motor sangat memuaskan.', 0, '2025-10-13 11:26:08'),
(1028, 1168, 68, 5, 'Barang sesuai pesanan, proses leasing dibantu dengan ramah.', 0, '2025-12-14 11:26:08'),
(1029, 1321, 21, 5, 'Motor irit, tarikan joss, cocok untuk jalanan kota.', 0, '2026-06-19 11:26:08'),
(1030, 1053, 58, 4, 'Motor oke punya, proses plat nomor agak memakan waktu.', 1, '2026-06-23 11:26:08'),
(1031, 1361, 28, 5, 'Sangat recommended beli motor di sini, prosesnya cepat dan dibantu sales sampai beres.', 1, '2026-01-12 11:26:08'),
(1032, 1350, 72, 4, 'Proses administrasi agak lama, tapi performa motor sangat memuaskan.', 0, '2025-12-18 11:26:08'),
(1033, 1100, 56, 4, 'Motor oke punya, proses plat nomor agak memakan waktu.', 0, '2026-01-18 11:26:08'),
(1034, 1152, 30, 5, 'Performa motor luar biasa, suara mesin halus dan akselerasi mantap!', 0, '2025-09-29 11:26:08'),
(1035, 1225, 89, 5, 'Performa motor luar biasa, suara mesin halus dan akselerasi mantap!', 0, '2026-06-22 11:26:08'),
(1036, 1321, 75, 5, 'Sangat puas dengan pelayanannya, unit dikirim dengan cepat dan mulus!', 0, '2026-05-04 11:26:08'),
(1037, 1395, 70, 5, 'Pelayanan sangat memuaskan, motor datang tepat waktu dan surat-surat lengkap.', 0, '2026-03-13 11:26:08'),
(1038, 1066, 103, 5, 'Performa motor luar biasa, suara mesin halus dan akselerasi mantap!', 0, '2025-09-26 11:26:08'),
(1039, 1043, 45, 5, 'Sangat recommended beli motor di sini, prosesnya cepat dan dibantu sales sampai beres.', 0, '2025-09-17 11:26:08'),
(1040, 1337, 10, 4, 'Secara keseluruhan bagus, pengantaran unit rapi dan aman.', 0, '2026-05-07 11:26:08'),
(1041, 1400, 55, 5, 'Motor irit, tarikan joss, cocok untuk jalanan kota.', 0, '2026-03-11 11:26:08'),
(1042, 1120, 11, 5, 'Pelayanan sangat memuaskan, motor datang tepat waktu dan surat-surat lengkap.', 0, '2026-05-06 11:26:08'),
(1043, 1071, 6, 5, 'Desainnya futuristik, performa tidak diragukan lagi. Puas sekali.', 0, '2025-09-25 11:26:08'),
(1044, 1043, 53, 5, 'Unit motor dalam kondisi prima tanpa lecet sedikitpun.', 0, '2026-05-15 11:26:08'),
(1045, 1191, 83, 5, 'Sangat recommended beli motor di sini, prosesnya cepat dan dibantu sales sampai beres.', 0, '2026-01-14 11:26:08'),
(1046, 1305, 50, 5, 'Unit motor dalam kondisi prima tanpa lecet sedikitpun.', 1, '2026-05-09 11:26:08'),
(1047, 1014, 21, 5, 'Motor irit, tarikan joss, cocok untuk jalanan kota.', 0, '2025-12-07 11:26:08'),
(1048, 1391, 66, 5, 'Proses pembelian sangat cepat tanpa ribet. Recommended seller!', 1, '2025-11-13 11:26:08'),
(1049, 1425, 35, 5, 'Pelayanan sangat memuaskan, motor datang tepat waktu dan surat-surat lengkap.', 0, '2026-05-20 11:26:08'),
(1050, 1196, 90, 5, 'Sangat recommended beli motor di sini, prosesnya cepat dan dibantu sales sampai beres.', 1, '2026-03-15 11:26:08'),
(1051, 1047, 57, 4, 'Respon admin lambat saat verifikasi pembayaran, tapi unit dikirim dalam kondisi prima.', 0, '2025-09-24 11:26:08'),
(1052, 1269, 77, 5, 'Unit motor dalam kondisi prima tanpa lecet sedikitpun.', 1, '2025-11-10 11:26:08'),
(1053, 1263, 16, 4, 'Pelayanan dealer ramah, unit sesuai pesanan. Suspensi agak sedikit keras.', 0, '2026-05-18 11:26:08'),
(1054, 1059, 13, 5, 'Unit motor dalam kondisi prima tanpa lecet sedikitpun.', 1, '2026-05-02 11:26:08'),
(1055, 1198, 7, 4, 'Pelayanan dealer ramah, unit sesuai pesanan. Suspensi agak sedikit keras.', 0, '2025-08-26 11:26:08'),
(1056, 1302, 79, 5, 'Unit motor dalam kondisi prima tanpa lecet sedikitpun.', 1, '2025-08-25 11:26:08'),
(1057, 1367, 35, 4, 'Proses administrasi agak lama, tapi performa motor sangat memuaskan.', 0, '2026-01-10 11:26:08'),
(1058, 1372, 15, 5, 'Barang sesuai pesanan, proses leasing dibantu dengan ramah.', 0, '2026-02-27 11:26:08'),
(1059, 1026, 7, 4, 'Motor oke punya, proses plat nomor agak memakan waktu.', 0, '2026-01-17 11:26:08'),
(1060, 1347, 50, 4, 'Unit oke, pelayanan cukup baik, terima kasih MotoInfy.', 0, '2026-06-10 11:26:08'),
(1061, 1127, 35, 5, 'Pelayanan sangat memuaskan, motor datang tepat waktu dan surat-surat lengkap.', 1, '2026-03-03 11:26:08'),
(1062, 1198, 14, 4, 'Motor oke punya, proses plat nomor agak memakan waktu.', 0, '2026-05-14 11:26:08'),
(1063, 1113, 48, 5, 'Desainnya futuristik, performa tidak diragukan lagi. Puas sekali.', 0, '2026-01-21 11:26:08'),
(1064, 1060, 80, 5, 'Unit motor dalam kondisi prima tanpa lecet sedikitpun.', 0, '2026-03-02 11:26:08'),
(1065, 1170, 63, 5, 'Pelayanan sangat memuaskan, motor datang tepat waktu dan surat-surat lengkap.', 1, '2025-10-09 11:26:08'),
(1066, 1179, 61, 5, 'Pelayanan sangat memuaskan, motor datang tepat waktu dan surat-surat lengkap.', 0, '2026-04-15 11:26:08'),
(1067, 1345, 91, 5, 'Proses pembelian sangat cepat tanpa ribet. Recommended seller!', 0, '2025-11-26 11:26:08'),
(1068, 1043, 99, 5, 'Performa motor luar biasa, suara mesin halus dan akselerasi mantap!', 1, '2025-12-15 11:26:08'),
(1069, 1206, 103, 5, 'Proses pembelian sangat cepat tanpa ribet. Recommended seller!', 0, '2026-06-11 11:26:08'),
(1070, 1414, 81, 5, 'Desainnya futuristik, performa tidak diragukan lagi. Puas sekali.', 0, '2026-06-13 11:26:08'),
(1071, 1169, 6, 5, 'Proses pembelian sangat cepat tanpa ribet. Recommended seller!', 0, '2025-11-30 11:26:08'),
(1072, 1053, 53, 5, 'Sangat recommended beli motor di sini, prosesnya cepat dan dibantu sales sampai beres.', 0, '2025-08-20 11:26:08'),
(1073, 1139, 58, 5, 'Unit motor dalam kondisi prima tanpa lecet sedikitpun.', 0, '2025-11-22 11:26:08'),
(1074, 1111, 28, 5, 'Mesin responsif, handling nyaman, suspensi empuk banget.', 0, '2026-05-17 11:26:08'),
(1075, 1252, 34, 5, 'Barang sesuai pesanan, proses leasing dibantu dengan ramah.', 0, '2026-01-24 11:26:08'),
(1076, 1097, 58, 5, 'Sangat recommended beli motor di sini, prosesnya cepat dan dibantu sales sampai beres.', 0, '2026-05-14 11:26:08'),
(1077, 1130, 47, 5, 'Sangat recommended beli motor di sini, prosesnya cepat dan dibantu sales sampai beres.', 1, '2025-12-20 11:26:08'),
(1078, 1022, 38, 4, 'Unit oke, pelayanan cukup baik, terima kasih MotoInfy.', 0, '2025-11-25 11:26:08'),
(1079, 1066, 67, 5, 'Sangat recommended beli motor di sini, prosesnya cepat dan dibantu sales sampai beres.', 0, '2026-03-29 11:26:08'),
(1080, 1285, 102, 4, 'Proses administrasi agak lama, tapi performa motor sangat memuaskan.', 1, '2025-09-18 11:26:08'),
(1081, 1149, 93, 5, 'Proses pembelian sangat cepat tanpa ribet. Recommended seller!', 1, '2026-06-15 11:26:08'),
(1082, 1159, 71, 5, 'Desainnya futuristik, performa tidak diragukan lagi. Puas sekali.', 1, '2025-11-07 11:26:08'),
(1083, 1032, 38, 5, 'Sangat recommended beli motor di sini, prosesnya cepat dan dibantu sales sampai beres.', 0, '2026-03-22 11:26:08'),
(1084, 1035, 39, 4, 'Unit oke, pelayanan cukup baik, terima kasih MotoInfy.', 0, '2025-07-23 11:26:08'),
(1085, 1160, 4, 5, 'Unit motor dalam kondisi prima tanpa lecet sedikitpun.', 0, '2025-09-26 11:26:08'),
(1086, 1118, 56, 5, 'Sangat recommended beli motor di sini, prosesnya cepat dan dibantu sales sampai beres.', 0, '2026-01-18 11:26:08'),
(1087, 1191, 78, 4, 'Secara keseluruhan bagus, pengantaran unit rapi dan aman.', 0, '2025-07-11 11:26:08'),
(1088, 1297, 23, 4, 'Proses administrasi agak lama, tapi performa motor sangat memuaskan.', 0, '2025-11-30 11:26:08'),
(1089, 1279, 3, 4, 'Secara keseluruhan bagus, pengantaran unit rapi dan aman.', 0, '2026-05-19 11:26:08'),
(1090, 1366, 91, 5, 'Pelayanan sangat memuaskan, motor datang tepat waktu dan surat-surat lengkap.', 0, '2026-04-05 11:26:08'),
(1091, 1309, 30, 5, 'Pelayanan sangat memuaskan, motor datang tepat waktu dan surat-surat lengkap.', 1, '2025-09-03 11:26:08'),
(1092, 1314, 3, 5, 'Sangat puas dengan pelayanannya, unit dikirim dengan cepat dan mulus!', 0, '2026-06-22 11:26:08'),
(1093, 1060, 85, 5, 'Performa motor luar biasa, suara mesin halus dan akselerasi mantap!', 0, '2026-05-14 11:26:08'),
(1094, 1191, 38, 5, 'Sangat recommended beli motor di sini, prosesnya cepat dan dibantu sales sampai beres.', 0, '2026-01-18 11:26:08'),
(1095, 1150, 25, 5, 'Barang sesuai pesanan, proses leasing dibantu dengan ramah.', 0, '2026-01-16 11:26:08'),
(1096, 1207, 8, 4, 'Proses administrasi agak lama, tapi performa motor sangat memuaskan.', 1, '2026-03-22 11:26:08'),
(1097, 1225, 21, 5, 'Unit motor dalam kondisi prima tanpa lecet sedikitpun.', 0, '2025-07-29 11:26:08'),
(1098, 1383, 68, 5, 'Motor irit, tarikan joss, cocok untuk jalanan kota.', 0, '2025-10-16 11:26:08'),
(1099, 1250, 90, 5, 'Desainnya futuristik, performa tidak diragukan lagi. Puas sekali.', 0, '2026-01-13 11:26:08'),
(1100, 1405, 73, 4, 'Pelayanan dealer ramah, unit sesuai pesanan. Suspensi agak sedikit keras.', 0, '2025-09-03 11:26:08'),
(1101, 1345, 54, 5, 'Performa motor luar biasa, suara mesin halus dan akselerasi mantap!', 0, '2026-02-01 11:26:08'),
(1102, 1427, 15, 4, 'Kualitas barang mantap, layanan sales memuaskan walau respon WA kadang lambat.', 0, '2026-02-07 11:26:08'),
(1103, 1267, 29, 5, 'Mesin responsif, handling nyaman, suspensi empuk banget.', 0, '2025-08-18 11:26:08'),
(1104, 1262, 5, 5, 'Desainnya futuristik, performa tidak diragukan lagi. Puas sekali.', 1, '2026-06-17 11:26:08'),
(1105, 1078, 79, 5, 'Desainnya futuristik, performa tidak diragukan lagi. Puas sekali.', 0, '2025-11-06 11:26:08'),
(1106, 1360, 89, 5, 'Performa motor luar biasa, suara mesin halus dan akselerasi mantap!', 0, '2025-08-16 11:26:08'),
(1107, 1145, 60, 5, 'Pelayanan sangat memuaskan, motor datang tepat waktu dan surat-surat lengkap.', 0, '2025-10-06 11:26:08'),
(1108, 1277, 31, 5, 'Barang sesuai pesanan, proses leasing dibantu dengan ramah.', 0, '2025-09-24 11:26:08'),
(1109, 1367, 28, 4, 'Motor bagus sekali, hanya saja pengiriman ke rumah agak telat 1 hari.', 0, '2025-12-22 11:26:08'),
(1110, 1163, 19, 5, 'Motor irit, tarikan joss, cocok untuk jalanan kota.', 1, '2025-09-24 11:26:08'),
(1111, 1169, 104, 4, 'Respon admin lambat saat verifikasi pembayaran, tapi unit dikirim dalam kondisi prima.', 0, '2025-10-15 11:26:08'),
(1112, 1195, 59, 5, 'Desainnya futuristik, performa tidak diragukan lagi. Puas sekali.', 0, '2025-11-01 11:26:08'),
(1113, 1344, 98, 5, 'Unit motor dalam kondisi prima tanpa lecet sedikitpun.', 1, '2026-03-12 11:26:08'),
(1114, 1069, 7, 5, 'Mesin responsif, handling nyaman, suspensi empuk banget.', 0, '2026-03-23 11:26:08'),
(1115, 1026, 13, 5, 'Desainnya futuristik, performa tidak diragukan lagi. Puas sekali.', 0, '2025-07-16 11:26:08'),
(1116, 1222, 43, 4, 'Motor nyaman dikendarai, irit bahan bakar. Overall puas.', 0, '2025-09-28 11:26:08'),
(1117, 1401, 58, 5, 'Barang sesuai pesanan, proses leasing dibantu dengan ramah.', 1, '2026-01-22 11:26:08'),
(1118, 1231, 42, 5, 'Sangat recommended beli motor di sini, prosesnya cepat dan dibantu sales sampai beres.', 0, '2025-12-03 11:26:08'),
(1119, 1253, 51, 5, 'Performa motor luar biasa, suara mesin halus dan akselerasi mantap!', 0, '2026-04-19 11:26:08'),
(1120, 1204, 31, 4, 'Motor oke punya, proses plat nomor agak memakan waktu.', 0, '2026-06-19 11:26:08'),
(1121, 1156, 75, 5, 'Sangat puas dengan pelayanannya, unit dikirim dengan cepat dan mulus!', 0, '2025-11-27 11:26:08'),
(1122, 1299, 84, 5, 'Barang sesuai pesanan, proses leasing dibantu dengan ramah.', 1, '2026-02-03 11:26:08'),
(1123, 1146, 23, 5, 'Sangat puas dengan pelayanannya, unit dikirim dengan cepat dan mulus!', 0, '2026-03-06 11:26:08'),
(1124, 1213, 40, 5, 'Barang sesuai pesanan, proses leasing dibantu dengan ramah.', 0, '2025-10-08 11:26:08'),
(1125, 1117, 4, 5, 'Sangat recommended beli motor di sini, prosesnya cepat dan dibantu sales sampai beres.', 1, '2026-01-27 11:26:08'),
(1126, 1211, 14, 5, 'Sangat puas dengan pelayanannya, unit dikirim dengan cepat dan mulus!', 0, '2026-01-22 11:26:08'),
(1127, 1087, 3, 4, 'Pelayanan dealer ramah, unit sesuai pesanan. Suspensi agak sedikit keras.', 0, '2026-06-23 11:26:08'),
(1128, 1250, 103, 5, 'Motor irit, tarikan joss, cocok untuk jalanan kota.', 0, '2025-08-27 11:26:08'),
(1129, 1136, 58, 5, 'Motor irit, tarikan joss, cocok untuk jalanan kota.', 0, '2026-03-21 11:26:08'),
(1130, 1426, 5, 5, 'Barang sesuai pesanan, proses leasing dibantu dengan ramah.', 0, '2026-05-05 11:26:08'),
(1131, 1187, 68, 4, 'Motor nyaman dikendarai, irit bahan bakar. Overall puas.', 0, '2025-08-25 11:26:08'),
(1132, 1415, 1, 4, 'Motor nyaman dikendarai, irit bahan bakar. Overall puas.', 0, '2026-03-12 11:26:08'),
(1133, 1375, 99, 4, 'Motor oke punya, proses plat nomor agak memakan waktu.', 0, '2026-01-16 11:26:08'),
(1134, 1127, 102, 5, 'Sangat recommended beli motor di sini, prosesnya cepat dan dibantu sales sampai beres.', 0, '2025-09-03 11:26:08'),
(1135, 1231, 34, 5, 'Barang sesuai pesanan, proses leasing dibantu dengan ramah.', 1, '2026-03-11 11:26:08'),
(1136, 1225, 33, 5, 'Sangat puas dengan pelayanannya, unit dikirim dengan cepat dan mulus!', 0, '2026-06-13 11:26:08'),
(1137, 1225, 100, 5, 'Performa motor luar biasa, suara mesin halus dan akselerasi mantap!', 0, '2026-04-25 11:26:08'),
(1138, 1007, 104, 5, 'Proses pembelian sangat cepat tanpa ribet. Recommended seller!', 0, '2025-08-02 11:26:08'),
(1139, 1270, 24, 5, 'Mesin responsif, handling nyaman, suspensi empuk banget.', 1, '2025-08-09 11:26:08'),
(1140, 1227, 45, 4, 'Proses administrasi agak lama, tapi performa motor sangat memuaskan.', 0, '2026-04-02 11:26:08'),
(1141, 1348, 81, 5, 'Sangat puas dengan pelayanannya, unit dikirim dengan cepat dan mulus!', 0, '2026-06-03 11:26:08'),
(1142, 1152, 36, 4, 'Motor bagus sekali, hanya saja pengiriman ke rumah agak telat 1 hari.', 0, '2025-07-19 11:26:08'),
(1143, 1195, 4, 5, 'Unit motor dalam kondisi prima tanpa lecet sedikitpun.', 0, '2025-10-03 11:26:08'),
(1144, 1300, 33, 5, 'Sangat recommended beli motor di sini, prosesnya cepat dan dibantu sales sampai beres.', 0, '2025-12-22 11:26:08'),
(1145, 1285, 16, 5, 'Performa motor luar biasa, suara mesin halus dan akselerasi mantap!', 0, '2025-09-13 11:26:08'),
(1146, 1351, 101, 5, 'Unit motor dalam kondisi prima tanpa lecet sedikitpun.', 0, '2025-12-24 11:26:08'),
(1147, 1304, 47, 4, 'Motor bagus sekali, hanya saja pengiriman ke rumah agak telat 1 hari.', 0, '2026-01-06 11:26:08'),
(1148, 1181, 100, 5, 'Sangat recommended beli motor di sini, prosesnya cepat dan dibantu sales sampai beres.', 0, '2026-06-18 11:26:08'),
(1149, 1267, 9, 5, 'Performa motor luar biasa, suara mesin halus dan akselerasi mantap!', 1, '2025-07-24 11:26:08'),
(1150, 1306, 58, 5, 'Proses pembelian sangat cepat tanpa ribet. Recommended seller!', 0, '2025-11-19 11:26:08'),
(1151, 1141, 62, 5, 'Barang sesuai pesanan, proses leasing dibantu dengan ramah.', 0, '2025-10-14 11:26:08'),
(1152, 1158, 70, 5, 'Sangat recommended beli motor di sini, prosesnya cepat dan dibantu sales sampai beres.', 1, '2025-08-19 11:26:08'),
(1153, 1091, 76, 5, 'Mesin responsif, handling nyaman, suspensi empuk banget.', 0, '2025-10-21 11:26:08'),
(1154, 1238, 93, 5, 'Mesin responsif, handling nyaman, suspensi empuk banget.', 0, '2026-01-18 11:26:08'),
(1155, 1037, 94, 5, 'Proses pembelian sangat cepat tanpa ribet. Recommended seller!', 0, '2025-10-02 11:26:08'),
(1156, 1163, 92, 5, 'Mesin responsif, handling nyaman, suspensi empuk banget.', 0, '2026-02-21 11:26:08'),
(1157, 1234, 104, 5, 'Barang sesuai pesanan, proses leasing dibantu dengan ramah.', 1, '2025-09-03 11:26:08'),
(1158, 1322, 1, 5, 'Proses pembelian sangat cepat tanpa ribet. Recommended seller!', 0, '2025-10-24 11:26:08'),
(1159, 1165, 3, 5, 'Proses pembelian sangat cepat tanpa ribet. Recommended seller!', 0, '2026-03-28 11:26:08'),
(1160, 1271, 60, 5, 'Unit motor dalam kondisi prima tanpa lecet sedikitpun.', 0, '2025-10-02 11:26:08'),
(1161, 1279, 42, 5, 'Pelayanan sangat memuaskan, motor datang tepat waktu dan surat-surat lengkap.', 0, '2025-08-02 11:26:08'),
(1162, 1205, 61, 5, 'Unit motor dalam kondisi prima tanpa lecet sedikitpun.', 0, '2026-02-04 11:26:08'),
(1163, 1312, 39, 5, 'Mesin responsif, handling nyaman, suspensi empuk banget.', 0, '2025-12-01 11:26:08'),
(1164, 1381, 35, 4, 'Secara keseluruhan bagus, pengantaran unit rapi dan aman.', 0, '2026-04-03 11:26:08'),
(1165, 1187, 31, 5, 'Pelayanan sangat memuaskan, motor datang tepat waktu dan surat-surat lengkap.', 0, '2025-10-29 11:26:08'),
(1166, 1163, 13, 4, 'Unit oke, pelayanan cukup baik, terima kasih MotoInfy.', 1, '2026-06-19 11:26:08'),
(1167, 1387, 76, 5, 'Proses pembelian sangat cepat tanpa ribet. Recommended seller!', 0, '2026-02-18 11:26:08'),
(1168, 1102, 85, 4, 'Motor oke punya, proses plat nomor agak memakan waktu.', 0, '2025-08-31 11:26:08'),
(1169, 1151, 95, 4, 'Unit oke, pelayanan cukup baik, terima kasih MotoInfy.', 0, '2025-09-26 11:26:08'),
(1170, 1157, 24, 4, 'Motor nyaman dikendarai, irit bahan bakar. Overall puas.', 0, '2025-11-12 11:26:08'),
(1171, 1047, 59, 5, 'Mesin responsif, handling nyaman, suspensi empuk banget.', 0, '2025-10-06 11:26:08'),
(1172, 1212, 26, 5, 'Pelayanan sangat memuaskan, motor datang tepat waktu dan surat-surat lengkap.', 0, '2025-11-13 11:26:08'),
(1173, 1109, 3, 5, 'Proses pembelian sangat cepat tanpa ribet. Recommended seller!', 1, '2025-08-05 11:26:08'),
(1174, 1146, 47, 5, 'Unit motor dalam kondisi prima tanpa lecet sedikitpun.', 0, '2025-12-30 11:26:08'),
(1175, 1167, 102, 5, 'Mesin responsif, handling nyaman, suspensi empuk banget.', 0, '2025-08-05 11:26:08'),
(1176, 1114, 2, 4, 'Motor bagus sekali, hanya saja pengiriman ke rumah agak telat 1 hari.', 0, '2026-04-21 11:26:08'),
(1177, 1328, 65, 5, 'Sangat puas dengan pelayanannya, unit dikirim dengan cepat dan mulus!', 0, '2026-01-05 11:26:08'),
(1178, 1066, 88, 4, 'Motor nyaman dikendarai, irit bahan bakar. Overall puas.', 1, '2025-09-14 11:26:08'),
(1179, 1231, 20, 5, 'Proses pembelian sangat cepat tanpa ribet. Recommended seller!', 0, '2025-10-08 11:26:08'),
(1180, 1238, 103, 4, 'Sangat nyaman untuk berkendara harian, konsumsi BBM tergolong hemat.', 0, '2026-06-04 11:26:08'),
(1181, 1406, 63, 5, 'Barang sesuai pesanan, proses leasing dibantu dengan ramah.', 1, '2026-06-20 11:26:08'),
(1182, 1308, 103, 5, 'Sangat recommended beli motor di sini, prosesnya cepat dan dibantu sales sampai beres.', 1, '2026-04-30 11:26:08'),
(1183, 1264, 68, 5, 'Performa motor luar biasa, suara mesin halus dan akselerasi mantap!', 0, '2025-09-21 11:26:08'),
(1184, 1061, 42, 5, 'Sangat puas dengan pelayanannya, unit dikirim dengan cepat dan mulus!', 1, '2025-08-21 11:26:08'),
(1185, 1111, 83, 5, 'Desainnya futuristik, performa tidak diragukan lagi. Puas sekali.', 1, '2025-11-18 11:26:08'),
(1186, 1336, 26, 5, 'Sangat recommended beli motor di sini, prosesnya cepat dan dibantu sales sampai beres.', 0, '2026-03-16 11:26:08'),
(1187, 1312, 65, 4, 'Motor nyaman dikendarai, irit bahan bakar. Overall puas.', 0, '2026-04-26 11:26:08'),
(1188, 1013, 60, 5, 'Pelayanan sangat memuaskan, motor datang tepat waktu dan surat-surat lengkap.', 0, '2026-05-03 11:26:08'),
(1189, 1262, 32, 4, 'Motor oke punya, proses plat nomor agak memakan waktu.', 1, '2026-02-28 11:26:08'),
(1190, 1021, 21, 5, 'Performa motor luar biasa, suara mesin halus dan akselerasi mantap!', 0, '2025-09-08 11:26:08'),
(1191, 1345, 68, 5, 'Sangat puas dengan pelayanannya, unit dikirim dengan cepat dan mulus!', 0, '2026-01-03 11:26:08'),
(1192, 1219, 63, 5, 'Motor irit, tarikan joss, cocok untuk jalanan kota.', 0, '2025-08-02 11:26:08'),
(1193, 1009, 90, 5, 'Desainnya futuristik, performa tidak diragukan lagi. Puas sekali.', 1, '2025-10-27 11:26:08'),
(1194, 1402, 43, 5, 'Desainnya futuristik, performa tidak diragukan lagi. Puas sekali.', 0, '2026-03-01 11:26:08'),
(1195, 1057, 70, 5, 'Barang sesuai pesanan, proses leasing dibantu dengan ramah.', 0, '2025-08-30 11:26:08'),
(1196, 1090, 72, 5, 'Mesin responsif, handling nyaman, suspensi empuk banget.', 0, '2025-08-16 11:26:08'),
(1197, 1270, 28, 4, 'Unit oke, pelayanan cukup baik, terima kasih MotoInfy.', 0, '2026-03-17 11:26:08'),
(1198, 1353, 97, 5, 'Mesin responsif, handling nyaman, suspensi empuk banget.', 0, '2025-08-26 11:26:08'),
(1199, 1101, 9, 5, 'Mesin responsif, handling nyaman, suspensi empuk banget.', 0, '2026-05-05 11:26:08'),
(1200, 1075, 7, 5, 'Motor irit, tarikan joss, cocok untuk jalanan kota.', 0, '2025-08-07 11:26:08'),
(1201, 1303, 29, 5, 'Performa motor luar biasa, suara mesin halus dan akselerasi mantap!', 1, '2025-08-18 11:26:08'),
(1202, 1352, 19, 4, 'Sangat nyaman untuk berkendara harian, konsumsi BBM tergolong hemat.', 0, '2026-05-26 11:26:08'),
(1203, 1186, 57, 5, 'Sangat recommended beli motor di sini, prosesnya cepat dan dibantu sales sampai beres.', 0, '2026-02-17 11:26:08'),
(1204, 1354, 98, 5, 'Proses pembelian sangat cepat tanpa ribet. Recommended seller!', 0, '2026-02-10 11:26:08'),
(1205, 1406, 10, 5, 'Unit motor dalam kondisi prima tanpa lecet sedikitpun.', 0, '2026-04-09 11:26:08'),
(1206, 1254, 2, 4, 'Unit oke, pelayanan cukup baik, terima kasih MotoInfy.', 0, '2026-01-08 11:26:08'),
(1207, 1020, 12, 5, 'Pelayanan sangat memuaskan, motor datang tepat waktu dan surat-surat lengkap.', 0, '2025-07-19 11:26:08'),
(1208, 1247, 99, 5, 'Proses pembelian sangat cepat tanpa ribet. Recommended seller!', 0, '2025-08-19 11:26:08'),
(1209, 1310, 98, 5, 'Sangat puas dengan pelayanannya, unit dikirim dengan cepat dan mulus!', 0, '2026-04-21 11:26:08'),
(1210, 1334, 44, 4, 'Motor nyaman dikendarai, irit bahan bakar. Overall puas.', 0, '2026-06-04 11:26:08'),
(1211, 1104, 64, 5, 'Barang sesuai pesanan, proses leasing dibantu dengan ramah.', 1, '2025-08-30 11:26:08'),
(1212, 1356, 103, 5, 'Sangat puas dengan pelayanannya, unit dikirim dengan cepat dan mulus!', 1, '2025-08-21 11:26:08'),
(1213, 1284, 17, 5, 'Unit motor dalam kondisi prima tanpa lecet sedikitpun.', 0, '2026-02-21 11:26:08'),
(1214, 1137, 25, 5, 'Sangat puas dengan pelayanannya, unit dikirim dengan cepat dan mulus!', 0, '2025-07-14 11:26:08'),
(1215, 1267, 63, 5, 'Sangat recommended beli motor di sini, prosesnya cepat dan dibantu sales sampai beres.', 0, '2026-03-14 11:26:08'),
(1216, 1101, 100, 5, 'Unit motor dalam kondisi prima tanpa lecet sedikitpun.', 0, '2025-10-02 11:26:08'),
(1217, 1389, 78, 5, 'Desainnya futuristik, performa tidak diragukan lagi. Puas sekali.', 0, '2026-01-02 11:26:08'),
(1218, 1386, 100, 5, 'Proses pembelian sangat cepat tanpa ribet. Recommended seller!', 1, '2025-08-20 11:26:08'),
(1219, 1214, 9, 4, 'Secara keseluruhan bagus, pengantaran unit rapi dan aman.', 0, '2026-02-01 11:26:08'),
(1220, 1243, 3, 5, 'Proses pembelian sangat cepat tanpa ribet. Recommended seller!', 0, '2026-02-19 11:26:08'),
(1221, 1399, 35, 4, 'Sangat nyaman untuk berkendara harian, konsumsi BBM tergolong hemat.', 0, '2026-01-04 11:26:08'),
(1222, 1293, 83, 5, 'Unit motor dalam kondisi prima tanpa lecet sedikitpun.', 0, '2025-09-01 11:26:08'),
(1223, 1293, 59, 5, 'Proses pembelian sangat cepat tanpa ribet. Recommended seller!', 0, '2026-03-03 11:26:08'),
(1224, 1245, 102, 5, 'Sangat puas dengan pelayanannya, unit dikirim dengan cepat dan mulus!', 1, '2025-07-30 11:26:08'),
(1225, 1398, 69, 5, 'Motor irit, tarikan joss, cocok untuk jalanan kota.', 0, '2025-07-30 11:26:08'),
(1226, 1325, 101, 5, 'Barang sesuai pesanan, proses leasing dibantu dengan ramah.', 0, '2025-12-17 11:26:08'),
(1227, 1153, 68, 4, 'Kualitas barang mantap, layanan sales memuaskan walau respon WA kadang lambat.', 0, '2026-06-12 11:26:08'),
(1228, 1426, 49, 5, 'Pelayanan sangat memuaskan, motor datang tepat waktu dan surat-surat lengkap.', 0, '2026-06-03 11:26:08'),
(1229, 1072, 89, 5, 'Performa motor luar biasa, suara mesin halus dan akselerasi mantap!', 0, '2025-10-05 11:26:08'),
(1230, 1277, 79, 5, 'Unit motor dalam kondisi prima tanpa lecet sedikitpun.', 0, '2025-08-14 11:26:08'),
(1231, 1064, 31, 5, 'Unit motor dalam kondisi prima tanpa lecet sedikitpun.', 0, '2025-12-10 11:26:08'),
(1232, 1320, 72, 5, 'Motor irit, tarikan joss, cocok untuk jalanan kota.', 0, '2026-05-19 11:26:08'),
(1233, 1195, 68, 4, 'Pelayanan dealer ramah, unit sesuai pesanan. Suspensi agak sedikit keras.', 1, '2025-09-16 11:26:08'),
(1234, 1200, 2, 5, 'Desainnya futuristik, performa tidak diragukan lagi. Puas sekali.', 0, '2025-09-09 11:26:08'),
(1235, 1163, 16, 5, 'Sangat puas dengan pelayanannya, unit dikirim dengan cepat dan mulus!', 1, '2025-08-27 11:26:08'),
(1236, 1265, 9, 4, 'Pelayanan dealer ramah, unit sesuai pesanan. Suspensi agak sedikit keras.', 0, '2025-07-30 11:26:08'),
(1237, 1148, 20, 5, 'Motor irit, tarikan joss, cocok untuk jalanan kota.', 0, '2025-11-30 11:26:08'),
(1238, 1091, 86, 5, 'Proses pembelian sangat cepat tanpa ribet. Recommended seller!', 1, '2025-12-27 11:26:08'),
(1239, 1182, 16, 5, 'Barang sesuai pesanan, proses leasing dibantu dengan ramah.', 1, '2026-03-28 11:26:08'),
(1240, 1335, 70, 5, 'Desainnya futuristik, performa tidak diragukan lagi. Puas sekali.', 0, '2025-12-06 11:26:08'),
(1241, 1165, 89, 4, 'Kualitas barang mantap, layanan sales memuaskan walau respon WA kadang lambat.', 0, '2025-11-16 11:26:08'),
(1242, 1035, 54, 5, 'Unit motor dalam kondisi prima tanpa lecet sedikitpun.', 0, '2025-07-28 11:26:08'),
(1243, 1012, 84, 5, 'Motor irit, tarikan joss, cocok untuk jalanan kota.', 0, '2026-06-21 11:26:08'),
(1244, 1369, 71, 5, 'Barang sesuai pesanan, proses leasing dibantu dengan ramah.', 0, '2026-06-11 11:26:08'),
(1245, 1272, 55, 5, 'Sangat recommended beli motor di sini, prosesnya cepat dan dibantu sales sampai beres.', 0, '2026-01-21 11:26:08'),
(1246, 1171, 35, 4, 'Secara keseluruhan bagus, pengantaran unit rapi dan aman.', 0, '2026-02-16 11:26:08'),
(1247, 1112, 34, 4, 'Sangat nyaman untuk berkendara harian, konsumsi BBM tergolong hemat.', 0, '2026-06-16 11:26:08'),
(1248, 1165, 30, 5, 'Desainnya futuristik, performa tidak diragukan lagi. Puas sekali.', 0, '2026-05-26 11:26:08'),
(1249, 1307, 65, 4, 'Unit oke, pelayanan cukup baik, terima kasih MotoInfy.', 1, '2026-01-02 11:26:08'),
(1250, 1341, 38, 4, 'Pelayanan dealer ramah, unit sesuai pesanan. Suspensi agak sedikit keras.', 0, '2026-03-30 11:26:08'),
(1251, 1316, 22, 5, 'Mesin responsif, handling nyaman, suspensi empuk banget.', 0, '2026-05-02 11:26:08'),
(1252, 1300, 43, 5, 'Sangat recommended beli motor di sini, prosesnya cepat dan dibantu sales sampai beres.', 1, '2026-04-17 11:26:08'),
(1253, 1152, 62, 5, 'Pelayanan sangat memuaskan, motor datang tepat waktu dan surat-surat lengkap.', 0, '2025-09-09 11:26:08'),
(1254, 1045, 20, 5, 'Unit motor dalam kondisi prima tanpa lecet sedikitpun.', 0, '2025-07-21 11:26:08'),
(1255, 1312, 86, 5, 'Motor irit, tarikan joss, cocok untuk jalanan kota.', 1, '2025-08-29 11:26:08'),
(1256, 1400, 14, 5, 'Barang sesuai pesanan, proses leasing dibantu dengan ramah.', 1, '2025-10-08 11:26:08'),
(1257, 1058, 13, 5, 'Proses pembelian sangat cepat tanpa ribet. Recommended seller!', 0, '2025-10-25 11:26:08'),
(1258, 1279, 44, 5, 'Sangat puas dengan pelayanannya, unit dikirim dengan cepat dan mulus!', 0, '2025-11-22 11:26:08'),
(1259, 1062, 50, 5, 'Unit motor dalam kondisi prima tanpa lecet sedikitpun.', 0, '2025-10-22 11:26:08'),
(1260, 1386, 11, 5, 'Sangat puas dengan pelayanannya, unit dikirim dengan cepat dan mulus!', 0, '2026-03-05 11:26:08'),
(1261, 1030, 33, 5, 'Sangat puas dengan pelayanannya, unit dikirim dengan cepat dan mulus!', 1, '2025-11-03 11:26:08'),
(1262, 1304, 31, 5, 'Pelayanan sangat memuaskan, motor datang tepat waktu dan surat-surat lengkap.', 1, '2025-09-04 11:26:08'),
(1263, 1404, 63, 5, 'Barang sesuai pesanan, proses leasing dibantu dengan ramah.', 0, '2026-05-28 11:26:08'),
(1264, 1082, 57, 5, 'Proses pembelian sangat cepat tanpa ribet. Recommended seller!', 0, '2026-04-04 11:26:08'),
(1265, 1326, 72, 5, 'Proses pembelian sangat cepat tanpa ribet. Recommended seller!', 0, '2026-03-31 11:26:08'),
(1266, 1380, 2, 5, 'Proses pembelian sangat cepat tanpa ribet. Recommended seller!', 0, '2025-12-17 11:26:08'),
(1267, 1369, 99, 5, 'Proses pembelian sangat cepat tanpa ribet. Recommended seller!', 0, '2026-06-04 11:26:08'),
(1268, 1291, 100, 5, 'Performa motor luar biasa, suara mesin halus dan akselerasi mantap!', 0, '2025-12-10 11:26:08'),
(1269, 1207, 93, 5, 'Sangat puas dengan pelayanannya, unit dikirim dengan cepat dan mulus!', 0, '2026-01-10 11:26:08'),
(1270, 1290, 62, 4, 'Respon admin lambat saat verifikasi pembayaran, tapi unit dikirim dalam kondisi prima.', 0, '2025-08-22 11:26:08'),
(1271, 1157, 97, 5, 'Desainnya futuristik, performa tidak diragukan lagi. Puas sekali.', 0, '2025-12-13 11:26:08'),
(1272, 1389, 45, 5, 'Unit motor dalam kondisi prima tanpa lecet sedikitpun.', 0, '2025-07-20 11:26:08'),
(1273, 1248, 67, 5, 'Sangat puas dengan pelayanannya, unit dikirim dengan cepat dan mulus!', 0, '2026-05-12 11:26:08'),
(1274, 1127, 54, 5, 'Pelayanan sangat memuaskan, motor datang tepat waktu dan surat-surat lengkap.', 0, '2026-02-25 11:26:08'),
(1275, 1186, 1, 5, 'Barang sesuai pesanan, proses leasing dibantu dengan ramah.', 0, '2025-10-20 11:26:08'),
(1276, 1201, 34, 5, 'Unit motor dalam kondisi prima tanpa lecet sedikitpun.', 0, '2025-11-01 11:26:08'),
(1277, 1323, 37, 5, 'Unit motor dalam kondisi prima tanpa lecet sedikitpun.', 0, '2025-09-14 11:26:08'),
(1278, 1020, 104, 4, 'Kualitas barang mantap, layanan sales memuaskan walau respon WA kadang lambat.', 1, '2026-01-14 11:26:08'),
(1279, 1174, 67, 5, 'Motor irit, tarikan joss, cocok untuk jalanan kota.', 0, '2026-04-05 11:26:08'),
(1280, 1362, 60, 4, 'Pelayanan dealer ramah, unit sesuai pesanan. Suspensi agak sedikit keras.', 1, '2026-05-29 11:26:08'),
(1281, 1147, 84, 4, 'Sangat nyaman untuk berkendara harian, konsumsi BBM tergolong hemat.', 0, '2025-12-19 11:26:08'),
(1282, 1170, 33, 4, 'Respon admin lambat saat verifikasi pembayaran, tapi unit dikirim dalam kondisi prima.', 0, '2025-07-26 11:26:08'),
(1283, 1294, 85, 5, 'Unit motor dalam kondisi prima tanpa lecet sedikitpun.', 0, '2025-12-13 11:26:08'),
(1284, 1025, 101, 5, 'Sangat recommended beli motor di sini, prosesnya cepat dan dibantu sales sampai beres.', 0, '2025-09-24 11:26:08'),
(1285, 1282, 75, 5, 'Sangat puas dengan pelayanannya, unit dikirim dengan cepat dan mulus!', 0, '2025-10-02 11:26:08'),
(1286, 1322, 90, 5, 'Performa motor luar biasa, suara mesin halus dan akselerasi mantap!', 0, '2025-09-24 11:26:08'),
(1287, 1097, 49, 5, 'Barang sesuai pesanan, proses leasing dibantu dengan ramah.', 0, '2025-12-27 11:26:08'),
(1288, 1246, 103, 5, 'Motor irit, tarikan joss, cocok untuk jalanan kota.', 0, '2025-09-12 11:26:08'),
(1289, 1179, 97, 5, 'Performa motor luar biasa, suara mesin halus dan akselerasi mantap!', 0, '2025-09-10 11:26:08'),
(1290, 1239, 91, 5, 'Desainnya futuristik, performa tidak diragukan lagi. Puas sekali.', 0, '2025-12-13 11:26:08'),
(1291, 1247, 76, 5, 'Sangat recommended beli motor di sini, prosesnya cepat dan dibantu sales sampai beres.', 0, '2026-04-17 11:26:08'),
(1292, 1197, 75, 5, 'Proses pembelian sangat cepat tanpa ribet. Recommended seller!', 0, '2025-11-01 11:26:08'),
(1293, 1075, 30, 4, 'Motor bagus sekali, hanya saja pengiriman ke rumah agak telat 1 hari.', 0, '2026-03-05 11:26:08'),
(1294, 1274, 83, 5, 'Sangat puas dengan pelayanannya, unit dikirim dengan cepat dan mulus!', 0, '2026-05-26 11:26:08'),
(1295, 1192, 49, 5, 'Sangat recommended beli motor di sini, prosesnya cepat dan dibantu sales sampai beres.', 1, '2026-03-23 11:26:08'),
(1296, 1041, 52, 5, 'Desainnya futuristik, performa tidak diragukan lagi. Puas sekali.', 0, '2026-01-06 11:26:08'),
(1297, 1112, 100, 5, 'Performa motor luar biasa, suara mesin halus dan akselerasi mantap!', 0, '2026-05-22 11:26:08'),
(1298, 1339, 4, 5, 'Mesin responsif, handling nyaman, suspensi empuk banget.', 0, '2025-11-17 11:26:08'),
(1299, 1357, 96, 4, 'Proses administrasi agak lama, tapi performa motor sangat memuaskan.', 0, '2025-09-15 11:26:08'),
(1300, 1315, 104, 5, 'Motor irit, tarikan joss, cocok untuk jalanan kota.', 0, '2025-07-28 11:26:08'),
(1301, 1237, 48, 5, 'Sangat recommended beli motor di sini, prosesnya cepat dan dibantu sales sampai beres.', 0, '2026-03-19 11:26:08'),
(1302, 1422, 100, 5, 'Sangat puas dengan pelayanannya, unit dikirim dengan cepat dan mulus!', 0, '2025-08-21 11:26:08'),
(1303, 1148, 8, 5, 'Pelayanan sangat memuaskan, motor datang tepat waktu dan surat-surat lengkap.', 0, '2025-12-12 11:26:08'),
(1304, 1062, 80, 5, 'Unit motor dalam kondisi prima tanpa lecet sedikitpun.', 0, '2025-07-11 11:26:08'),
(1305, 1347, 86, 5, 'Sangat recommended beli motor di sini, prosesnya cepat dan dibantu sales sampai beres.', 0, '2025-10-11 11:26:08'),
(1306, 1370, 54, 5, 'Sangat recommended beli motor di sini, prosesnya cepat dan dibantu sales sampai beres.', 0, '2026-05-19 11:26:08'),
(1307, 1143, 51, 5, 'Proses pembelian sangat cepat tanpa ribet. Recommended seller!', 0, '2025-07-13 11:26:08'),
(1308, 1179, 54, 5, 'Sangat puas dengan pelayanannya, unit dikirim dengan cepat dan mulus!', 0, '2026-04-18 11:26:08'),
(1309, 1219, 54, 5, 'Pelayanan sangat memuaskan, motor datang tepat waktu dan surat-surat lengkap.', 1, '2025-07-15 11:26:08'),
(1310, 1046, 2, 5, 'Unit motor dalam kondisi prima tanpa lecet sedikitpun.', 0, '2026-04-12 11:26:08'),
(1311, 1298, 95, 5, 'Proses pembelian sangat cepat tanpa ribet. Recommended seller!', 1, '2025-11-27 11:26:08'),
(1312, 1182, 38, 5, 'Performa motor luar biasa, suara mesin halus dan akselerasi mantap!', 0, '2025-12-29 11:26:08'),
(1313, 1227, 80, 5, 'Barang sesuai pesanan, proses leasing dibantu dengan ramah.', 0, '2026-01-16 11:26:08'),
(1314, 1347, 41, 5, 'Sangat puas dengan pelayanannya, unit dikirim dengan cepat dan mulus!', 0, '2025-09-23 11:26:08'),
(1315, 1259, 83, 5, 'Performa motor luar biasa, suara mesin halus dan akselerasi mantap!', 0, '2025-09-26 11:26:08'),
(1316, 1001, 33, 5, 'Sangat recommended beli motor di sini, prosesnya cepat dan dibantu sales sampai beres.', 0, '2026-06-08 11:26:08'),
(1317, 1154, 34, 4, 'Motor bagus sekali, hanya saja pengiriman ke rumah agak telat 1 hari.', 1, '2025-11-18 11:26:08'),
(1318, 1009, 98, 5, 'Sangat recommended beli motor di sini, prosesnya cepat dan dibantu sales sampai beres.', 0, '2025-10-31 11:26:08'),
(1319, 1003, 69, 5, 'Performa motor luar biasa, suara mesin halus dan akselerasi mantap!', 0, '2026-03-26 11:26:08'),
(1320, 1268, 100, 5, 'Unit motor dalam kondisi prima tanpa lecet sedikitpun.', 0, '2025-07-16 11:26:08'),
(1321, 1078, 17, 5, 'Barang sesuai pesanan, proses leasing dibantu dengan ramah.', 1, '2026-01-15 11:26:08'),
(1322, 1395, 101, 5, 'Motor irit, tarikan joss, cocok untuk jalanan kota.', 1, '2025-09-30 11:26:08'),
(1323, 1224, 75, 5, 'Barang sesuai pesanan, proses leasing dibantu dengan ramah.', 0, '2025-08-13 11:26:08'),
(1324, 1235, 24, 4, 'Motor bagus sekali, hanya saja pengiriman ke rumah agak telat 1 hari.', 0, '2025-12-14 11:26:08'),
(1325, 1067, 7, 5, 'Sangat recommended beli motor di sini, prosesnya cepat dan dibantu sales sampai beres.', 0, '2025-07-12 11:26:08'),
(1326, 1378, 71, 5, 'Barang sesuai pesanan, proses leasing dibantu dengan ramah.', 1, '2026-04-25 11:26:08'),
(1327, 1383, 72, 5, 'Sangat puas dengan pelayanannya, unit dikirim dengan cepat dan mulus!', 0, '2026-04-17 11:26:08'),
(1328, 1366, 46, 5, 'Sangat recommended beli motor di sini, prosesnya cepat dan dibantu sales sampai beres.', 1, '2025-08-04 11:26:08'),
(1329, 1271, 78, 5, 'Performa motor luar biasa, suara mesin halus dan akselerasi mantap!', 0, '2026-03-22 11:26:08'),
(1330, 1188, 54, 4, 'Kualitas barang mantap, layanan sales memuaskan walau respon WA kadang lambat.', 0, '2025-10-25 11:26:08'),
(1331, 1264, 44, 5, 'Sangat recommended beli motor di sini, prosesnya cepat dan dibantu sales sampai beres.', 0, '2026-03-31 11:26:08'),
(1332, 1043, 64, 5, 'Desainnya futuristik, performa tidak diragukan lagi. Puas sekali.', 0, '2026-04-12 11:26:08'),
(1333, 1396, 102, 5, 'Unit motor dalam kondisi prima tanpa lecet sedikitpun.', 0, '2026-01-26 11:26:08'),
(1334, 1413, 85, 5, 'Motor irit, tarikan joss, cocok untuk jalanan kota.', 1, '2025-11-19 11:26:08'),
(1335, 1121, 63, 5, 'Motor irit, tarikan joss, cocok untuk jalanan kota.', 1, '2025-08-13 11:26:08'),
(1336, 1361, 94, 5, 'Mesin responsif, handling nyaman, suspensi empuk banget.', 0, '2026-03-05 11:26:08'),
(1337, 1198, 63, 4, 'Respon admin lambat saat verifikasi pembayaran, tapi unit dikirim dalam kondisi prima.', 1, '2026-03-26 11:26:08'),
(1338, 1255, 95, 5, 'Proses pembelian sangat cepat tanpa ribet. Recommended seller!', 0, '2026-05-21 11:26:08'),
(1339, 1254, 42, 5, 'Proses pembelian sangat cepat tanpa ribet. Recommended seller!', 1, '2025-11-24 11:26:08'),
(1340, 1331, 104, 5, 'Sangat puas dengan pelayanannya, unit dikirim dengan cepat dan mulus!', 0, '2026-04-25 11:26:08'),
(1341, 1305, 103, 5, 'Unit motor dalam kondisi prima tanpa lecet sedikitpun.', 1, '2026-05-18 11:26:08'),
(1342, 1380, 11, 5, 'Proses pembelian sangat cepat tanpa ribet. Recommended seller!', 0, '2026-05-09 11:26:08'),
(1343, 1171, 67, 5, 'Unit motor dalam kondisi prima tanpa lecet sedikitpun.', 0, '2025-12-14 11:26:08'),
(1344, 1150, 78, 5, 'Performa motor luar biasa, suara mesin halus dan akselerasi mantap!', 0, '2026-04-25 11:26:08'),
(1345, 1090, 41, 5, 'Proses pembelian sangat cepat tanpa ribet. Recommended seller!', 0, '2025-09-10 11:26:08'),
(1346, 1277, 42, 5, 'Desainnya futuristik, performa tidak diragukan lagi. Puas sekali.', 0, '2025-10-23 11:26:08'),
(1347, 1001, 49, 5, 'Desainnya futuristik, performa tidak diragukan lagi. Puas sekali.', 0, '2026-04-12 11:26:08'),
(1348, 1162, 55, 5, 'Motor irit, tarikan joss, cocok untuk jalanan kota.', 0, '2026-06-18 11:26:08'),
(1349, 1328, 80, 5, 'Sangat puas dengan pelayanannya, unit dikirim dengan cepat dan mulus!', 0, '2025-12-13 11:26:08'),
(1350, 1253, 76, 5, 'Unit motor dalam kondisi prima tanpa lecet sedikitpun.', 0, '2025-12-12 11:26:08'),
(1351, 1212, 71, 5, 'Sangat puas dengan pelayanannya, unit dikirim dengan cepat dan mulus!', 0, '2026-04-24 11:26:08'),
(1352, 1281, 90, 4, 'Motor nyaman dikendarai, irit bahan bakar. Overall puas.', 0, '2025-11-18 11:26:08'),
(1353, 1335, 60, 5, 'Sangat recommended beli motor di sini, prosesnya cepat dan dibantu sales sampai beres.', 0, '2025-09-13 11:26:08'),
(1354, 1274, 96, 5, 'Motor irit, tarikan joss, cocok untuk jalanan kota.', 0, '2025-10-10 11:26:08'),
(1355, 1353, 3, 5, 'Motor irit, tarikan joss, cocok untuk jalanan kota.', 0, '2026-05-24 11:26:08'),
(1356, 1354, 19, 5, 'Motor irit, tarikan joss, cocok untuk jalanan kota.', 0, '2026-01-22 11:26:08'),
(1357, 1131, 70, 5, 'Unit motor dalam kondisi prima tanpa lecet sedikitpun.', 0, '2025-10-06 11:26:08'),
(1358, 1189, 83, 5, 'Performa motor luar biasa, suara mesin halus dan akselerasi mantap!', 0, '2025-10-07 11:26:08'),
(1359, 1316, 89, 5, 'Motor irit, tarikan joss, cocok untuk jalanan kota.', 0, '2025-09-25 11:26:08'),
(1360, 1343, 76, 4, 'Unit oke, pelayanan cukup baik, terima kasih MotoInfy.', 0, '2026-02-24 11:26:08'),
(1361, 1067, 76, 5, 'Mesin responsif, handling nyaman, suspensi empuk banget.', 0, '2026-01-15 11:26:08'),
(1362, 1285, 48, 5, 'Unit motor dalam kondisi prima tanpa lecet sedikitpun.', 0, '2026-06-18 11:26:08'),
(1363, 1099, 31, 5, 'Performa motor luar biasa, suara mesin halus dan akselerasi mantap!', 0, '2026-05-25 11:26:08'),
(1364, 1118, 20, 5, 'Proses pembelian sangat cepat tanpa ribet. Recommended seller!', 0, '2026-01-12 11:26:08'),
(1365, 1421, 22, 5, 'Performa motor luar biasa, suara mesin halus dan akselerasi mantap!', 1, '2026-06-13 11:26:08'),
(1366, 1150, 94, 5, 'Motor irit, tarikan joss, cocok untuk jalanan kota.', 0, '2026-02-27 11:26:08'),
(1367, 1280, 51, 5, 'Proses pembelian sangat cepat tanpa ribet. Recommended seller!', 0, '2026-02-13 11:26:08'),
(1368, 1286, 33, 5, 'Sangat puas dengan pelayanannya, unit dikirim dengan cepat dan mulus!', 0, '2025-08-03 11:26:08'),
(1369, 1140, 92, 4, 'Unit oke, pelayanan cukup baik, terima kasih MotoInfy.', 0, '2026-01-17 11:26:08'),
(1370, 1207, 29, 4, 'Kualitas barang mantap, layanan sales memuaskan walau respon WA kadang lambat.', 1, '2025-10-16 11:26:08'),
(1371, 1392, 35, 5, 'Unit motor dalam kondisi prima tanpa lecet sedikitpun.', 0, '2025-09-16 11:26:08'),
(1372, 1152, 72, 5, 'Desainnya futuristik, performa tidak diragukan lagi. Puas sekali.', 0, '2026-03-02 11:26:08'),
(1373, 1057, 65, 5, 'Barang sesuai pesanan, proses leasing dibantu dengan ramah.', 0, '2026-05-14 11:26:08'),
(1374, 1245, 49, 5, 'Mesin responsif, handling nyaman, suspensi empuk banget.', 0, '2025-07-26 11:26:08'),
(1375, 1127, 23, 5, 'Pelayanan sangat memuaskan, motor datang tepat waktu dan surat-surat lengkap.', 0, '2025-12-15 11:26:08'),
(1376, 1378, 17, 5, 'Barang sesuai pesanan, proses leasing dibantu dengan ramah.', 0, '2025-12-27 11:26:08'),
(1377, 1143, 98, 5, 'Barang sesuai pesanan, proses leasing dibantu dengan ramah.', 0, '2026-01-25 11:26:08'),
(1378, 1223, 23, 5, 'Desainnya futuristik, performa tidak diragukan lagi. Puas sekali.', 0, '2025-10-05 11:26:08'),
(1379, 1156, 91, 5, 'Proses pembelian sangat cepat tanpa ribet. Recommended seller!', 0, '2026-05-12 11:26:08'),
(1380, 1337, 75, 5, 'Proses pembelian sangat cepat tanpa ribet. Recommended seller!', 0, '2025-07-13 11:26:08'),
(1381, 1163, 51, 5, 'Mesin responsif, handling nyaman, suspensi empuk banget.', 0, '2026-05-17 11:26:08'),
(1382, 1393, 62, 5, 'Motor irit, tarikan joss, cocok untuk jalanan kota.', 0, '2025-12-28 11:26:08'),
(1383, 1269, 90, 5, 'Motor irit, tarikan joss, cocok untuk jalanan kota.', 0, '2025-11-18 11:26:08'),
(1384, 1170, 16, 4, 'Respon admin lambat saat verifikasi pembayaran, tapi unit dikirim dalam kondisi prima.', 0, '2025-10-17 11:26:08'),
(1385, 1127, 89, 5, 'Sangat recommended beli motor di sini, prosesnya cepat dan dibantu sales sampai beres.', 0, '2025-09-11 11:26:08'),
(1386, 1000, 40, 5, 'Mesin responsif, handling nyaman, suspensi empuk banget.', 0, '2026-02-12 11:26:08');

SET FOREIGN_KEY_CHECKS = 1;